Workbook

Sheet Summary 
B2: Denim | U2: WASHING
B3: Month | C3: Description | D3: GF | G3: LT01 | H3: LT02 | I3: FF | L3: LT01 | M3: LT02 | N3: SF | Q3: LT01 | R3: LT02 | S3: Consumption | T3: Cnsmptn% | U3: Description | V3: WASHING BUILDING | Y3: Cnsmptn% | Z3: GF | AA3: FF
D4: LT1 | E4: LT2 | F4: Total | G4: OT Hrs | I4: LT1 | J4: LT2 | K4: Total | L4: OT Hrs | N4: LT1 | O4: LT2 | P4: Total | Q4: OT Hrs | V4: GF | W4: FF | X4: Grand Total | Z4: OT hrs
B5: 45863 | C5: Lights | D5: ='LT GF'!L37 -> 2555 | E5: ='LT GF'!V37 -> 2373 | F5: =D5+E5 -> 4928 | I5: ='LT FF'!N37 -> 333 | J5: ='LT FF'!X37 -> 94 | K5: =I5+J5 -> 427 | N5: ='LT 2F'!P37 -> 7323 | O5: ='LT 2F'!Z37 -> 2731 | P5: =N5+O5 -> 10054 | S5: =F5+K5+P5 -> 15409 | T5: =S5/$S$12 -> 0.29375095 | U5: Lights | V5: ='LT-Wshng'!Q37 -> 822 | W5: ='LT-Wshng'!W37 -> 0 | X5: =V5+W5 -> 822 | Y5: =X5/$X$12 -> 0.018841543
C6: Exhaust Fan | D6: ='LT GF'!H37 -> 5201 | F6: =D6+E6 -> 5201 | I6: ='LT FF'!J37 -> 1963 | K6: =I6+J6 -> 1963 | N6: ='LT 2F'!L37 -> 5311 | P6: =N6+O6 -> 5311 | S6: =F6+K6+P6 -> 12475 | T6: =S6/$S$12 -> 0.23781836 | U6: Exhaust Fan | V6: ='LT-Wshng'!O37 -> 6511 | W6: 0 | X6: =V6+W6 -> 6511 | Y6: =X6/$X$12 -> 0.14924244
C7: HVAC | D7: ='LT GF'!J37 -> 258 | E7: ='LT GF'!T37 -> 1732 | F7: =D7+E7 -> 1990 | I7: ='LT FF'!L37 -> 263 | J7: ='LT FF'!V37 -> 2034 | K7: =I7+J7 -> 2297 | N7: ='LT 2F'!N37 -> 277 | O7: ='LT 2F'!X37 -> 154 | P7: =N7+O7 -> 431 | S7: =F7+K7+P7 -> 4718 | T7: =S7/$S$12 -> 0.089942047 | U7: HVAC | V7: 0 | W7: 0 | X7: =V7+W7 -> 0 | Y7: =X7/$X$12 -> 0
C8: Machines | D8: ='LT GF'!F37 -> 0 | E8: ='LT GF'!R37 -> 0 | F8: =D8+E8 -> 0 | I8: ='LT FF'!H37 -> 6477 | J8: ='LT FF'!T37 -> 1708 | K8: =I8+J8 -> 8185 | N8: ='LT 2F'!J37 -> 1334 | O8: ='LT 2F'!V37 -> 0 | P8: =N8+O8 -> 1334 | S8: =F8+K8+P8 -> 9519 | T8: =S8/$S$12 -> 0.18146637 | U8: Machines | V8: ='LT-Wshng'!E37-'Summary '!V5-V6-V7 -> 23199 | W8: ='LT-Wshng'!U37-W5-W6-W7-W9-W10-W11 -> 13095 | X8: =V8+W8 -> 36294 | Y8: =X8/$X$12 -> 0.83191602
C9: Office | D9: ='LT GF'!N37 -> 23 | E9: ='LT GF'!X37 -> 261 | F9: =D9+E9 -> 284 | I9: ='LT FF'!P37 -> 4261 | J9: ='LT FF'!Z37 -> 4314 | K9: =I9+J9 -> 8575 | N9: ='LT 2F'!R37 -> 1322 | O9: ='LT 2F'!X37 -> 154 | P9: =N9+O9 -> 1476 | S9: =F9+K9+P9 -> 10335 | T9: =S9/$S$12 -> 0.19702227 | U9: Office | X9: =V9+W9 -> 0 | Y9: =X9/$X$12 -> 0
F10: =D10+E10 -> 0 | K10: =I10+J10 -> 0 | P10: =N10+O10 -> 0 | S10: =F10+K10+P10 -> 0 | U10: Laser 1 | W10: ='LT-Wshng'!AC37 -> 0 | X10: =V10+W10 -> 0 | Y10: =X10/$X$12 -> 0
F11: =D11+E11 -> 0 | K11: =I11+J11 -> 0 | P11: =N11+O11 -> 0 | S11: =F11+K11+P11 -> 0 | U11: Laser 2 | W11: ='LT-Wshng'!AE37 -> 0 | X11: =V11+W11 -> 0 | Y11: =X11/$X$12 -> 0
C12: Sum | F12: =SUM(F5:F11) -> 12403 | K12: =SUM(K5:K11) -> 21447 | P12: =SUM(P5:P11) -> 18606 | S12: =F12+K12+P12 -> 52456 | T12: =SUM(T5:T11) -> 1 | V12: =SUM(V5:V11) -> 30532 | W12: =SUM(W5:W11) -> 13095 | X12: =V12+W12 -> 43627
B13: 45894 | C13: Lights | D13: ='LT GF'!L70 -> 2612 | E13: ='LT GF'!V70 -> 2038 | F13: =D13+E13 -> 4650 | I13: ='LT FF'!N70 -> 362 | J13: ='LT FF'!X70 -> 239 | K13: =I13+J13 -> 601 | N13: ='LT 2F'!P70 -> 7496 | O13: ='LT 2F'!Z70 -> 2553 | P13: =N13+O13 -> 10049 | S13: =F13+K13+P13 -> 15300 | T13: =S13/$S$20 -> 0.27094992 | U13: Lights | V13: ='LT-Wshng'!Q70 -> 3426 | W13: ='LT-Wshng'!W45 -> 113 | X13: =V13+W13 -> 3539 | Y13: =X13/$X$20 -> 0.066734551
C14: Exhaust Fan | D14: ='LT GF'!H70 -> 5732 | F14: =D14+E14 -> 5732 | I14: ='LT FF'!J70 -> 1954 | K14: =I14+J14 -> 1954 | N14: ='LT 2F'!L70 -> 5273 | P14: =N14+O14 -> 5273 | S14: =F14+K14+P14 -> 12959 | T14: =S14/$S$20 -> 0.22949281 | U14: Exhaust Fan | V14: ='LT-Wshng'!O70 -> 6283 | W14: 0 | X14: =V14+W14 -> 6283 | Y14: =X14/$X$20 -> 0.11847787
C15: HVAC | D15: ='LT GF'!J70 -> 518 | E15: ='LT GF'!T70 -> 1913 | F15: =D15+E15 -> 2431 | I15: ='LT FF'!L70 -> 257 | J15: ='LT FF'!V70 -> 1947 | K15: =I15+J15 -> 2204 | N15: ='LT 2F'!N70 -> 261 | O15: ='LT 2F'!X70 -> 122 | P15: =N15+O15 -> 383 | S15: =F15+K15+P15 -> 5018 | T15: =S15/$S$20 -> 0.08886449 | U15: HVAC | V15: 0 | W15: 0 | X15: =V15+W15 -> 0 | Y15: =X15/$X$20 -> 0
C16: Machines | D16: ='LT GF'!F70 -> 0 | E16: ='LT GF'!R70 -> 288 | F16: =D16+E16 -> 288 | I16: ='LT FF'!H70 -> 6827 | J16: ='LT FF'!T70 -> 1895 | K16: =I16+J16 -> 8722 | N16: ='LT 2F'!J70 -> 1455 | O16: ='LT 2F'!V70 -> 0 | P16: =N16+O16 -> 1455 | S16: =F16+K16+P16 -> 10465 | T16: =S16/$S$20 -> 0.1853262 | U16: Machines | V16: ='LT-Wshng'!E70-'Summary '!V13-V14-V15 -> 27157 | W16: ='LT-Wshng'!U70-W13-W14-W15-W17-W18-W19 -> 11529 | X16: =V16+W16 -> 38686 | Y16: =X16/$X$20 -> 0.72949784
C17: Office | D17: ='LT GF'!N70 -> 47 | E17: ='LT GF'!X70 -> 311 | F17: =D17+E17 -> 358 | I17: ='LT FF'!P70 -> 5688 | J17: ='LT FF'!Z70 -> 5569 | K17: =I17+J17 -> 11257 | N17: ='LT 2F'!R70 -> 989 | O17: ='LT 2F'!X70 -> 122 | P17: =N17+O17 -> 1111 | S17: =F17+K17+P17 -> 12726 | T17: =S17/$S$20 -> 0.22536658 | U17: Office | X17: =V17+W17 -> 0 | Y17: =X17/$X$20 -> 0
F18: =D18+E18 -> 0 | K18: =I18+J18 -> 0 | P18: =N18+O18 -> 0 | S18: =F18+K18+P18 -> 0 | U18: Laser 1 | W18: ='LT-Wshng'!AC70 -> 2257 | X18: =V18+W18 -> 2257 | Y18: =X18/$X$20 -> 0.042560012
F19: =D19+E19 -> 0 | K19: =I19+J19 -> 0 | P19: =N19+O19 -> 0 | S19: =F19+K19+P19 -> 0 | U19: Laser 2 | W19: ='LT-Wshng'!AE70 -> 2266 | X19: =V19+W19 -> 2266 | Y19: =X19/$X$20 -> 0.042729724
C20: Sum | F20: =SUM(F13:F19) -> 13459 | K20: =SUM(K13:K19) -> 24738 | P20: =SUM(P13:P19) -> 18271 | S20: =F20+K20+P20 -> 56468 | T20: =SUM(T13:T19) -> 1 | V20: =SUM(V13:V19) -> 36866 | W20: =SUM(W13:W19) -> 16165 | X20: =V20+W20 -> 53031
B21: 45925 | C21: Lights | D21: ='LT GF'!L102 -> 2794 | E21: ='LT GF'!V102 -> 2205 | F21: =D21+E21 -> 4999 | I21: ='LT FF'!N102 -> 274 | J21: ='LT FF'!X102 -> 172 | K21: =I21+J21 -> 446 | N21: ='LT 2F'!P102 -> 7222 | O21: ='LT 2F'!Z102 -> 2535 | P21: =N21+O21 -> 9757 | S21: =F21+K21+P21 -> 15202 | T21: =S21/$S$28 -> 0.24884596 | U21: Lights | V21: ='LT-Wshng'!Q102 -> 3444 | W21: ='LT-Wshng'!W102 -> 2876 | X21: =V21+W21 -> 6320 | Y21: =X21/$X$28 -> 0.11116583
C22: Exhaust Fan | D22: ='LT GF'!H102 -> 5176 | F22: =D22+E22 -> 5176 | I22: ='LT FF'!J102 -> 2165 | K22: =I22+J22 -> 2165 | N22: ='LT 2F'!L102 -> 5333 | P22: =N22+O22 -> 5333 | S22: =F22+K22+P22 -> 12674 | T22: =S22/$S$28 -> 0.2074644 | U22: Exhaust Fan | V22: ='LT-Wshng'!O102 -> 6093 | W22: 0 | X22: =V22+W22 -> 6093 | Y22: =X22/$X$28 -> 0.10717301
C23: HVAC | D23: ='LT GF'!J102 -> 662 | E23: ='LT GF'!T102 -> 2383 | F23: =D23+E23 -> 3045 | I23: ='LT FF'!L102 -> 311 | J23: ='LT FF'!V102 -> 1860 | K23: =I23+J23 -> 2171 | N23: ='LT 2F'!N102 -> 288 | O23: ='LT 2F'!X102 -> 141 | P23: =N23+O23 -> 429 | S23: =F23+K23+P23 -> 5645 | T23: =S23/$S$28 -> 0.092404649 | U23: HVAC | V23: 0 | W23: 0 | X23: =V23+W23 -> 0 | Y23: =X23/$X$28 -> 0
C24: Machines | D24: ='LT GF'!F102 -> 0 | E24: ='LT GF'!R102 -> 1735 | F24: =D24+E24 -> 1735 | I24: ='LT FF'!H102 -> 6888 | J24: ='LT FF'!T102 -> 2585 | K24: =I24+J24 -> 9473 | N24: ='LT 2F'!J102 -> 2097 | O24: ='LT 2F'!V102 -> 0 | P24: =N24+O24 -> 2097 | S24: =F24+K24+P24 -> 13305 | T24: =S24/$S$28 -> 0.21779342 | U24: Machines | V24: ='LT-Wshng'!E102-'Summary '!V21-V22-V23 -> 31175 | W24: ='LT-Wshng'!U102-W21-W22-W23-W25-W26-W27 -> 8672 | X24: =V24+W24 -> 39847 | Y24: =X24/$X$28 -> 0.70089003
C25: Office | D25: ='LT GF'!N102 -> 40 | E25: ='LT GF'!X102 -> 333 | F25: =D25+E25 -> 373 | I25: ='LT FF'!P102 -> 6390 | J25: ='LT FF'!Z102 -> 6404 | K25: =I25+J25 -> 12794 | N25: ='LT 2F'!R102 -> 956 | O25: ='LT 2F'!X102 -> 141 | P25: =N25+O25 -> 1097 | S25: =F25+K25+P25 -> 14264 | T25: =S25/$S$28 -> 0.23349157 | U25: Office | X25: =V25+W25 -> 0 | Y25: =X25/$X$28 -> 0
F26: =D26+E26 -> 0 | K26: =I26+J26 -> 0 | P26: =N26+O26 -> 0 | S26: =F26+K26+P26 -> 0 | U26: Laser 1 | W26: ='LT-Wshng'!AC102 -> 2265 | X26: =V26+W26 -> 2265 | Y26: =X26/$X$28 -> 0.039840287
F27: =D27+E27 -> 0 | K27: =I27+J27 -> 0 | P27: =N27+O27 -> 0 | S27: =F27+K27+P27 -> 0 | U27: Laser 2 | W27: ='LT-Wshng'!AE102 -> 2327 | X27: =V27+W27 -> 2327 | Y27: =X27/$X$28 -> 0.040930838
C28: Sum | F28: =SUM(F21:F27) -> 15328 | K28: =SUM(K21:K27) -> 27049 | P28: =SUM(P21:P27) -> 18713 | S28: =F28+K28+P28 -> 61090 | T28: =SUM(T21:T27) -> 1 | V28: =SUM(V21:V27) -> 40712 | W28: =SUM(W21:W27) -> 16140 | X28: =V28+W28 -> 56852
B29: 45931 | C29: Lights | D29: ='LT GF'!L135 -> 3898 | E29: ='LT GF'!V135 -> 3163 | F29: =D29+E29 -> 7061 | G29: =Overtime!H37 -> 944 | H29: =Overtime!N37 -> 582 | I29: ='LT FF'!N135 -> 337 | J29: ='LT FF'!X135 -> 228 | K29: =I29+J29 -> 565 | L29: =Overtime!V37 -> 162 | M29: =Overtime!AB37 -> 241 | N29: ='LT 2F'!P135 -> 8252 | O29: ='LT 2F'!Z135 -> 3413 | P29: =N29+O29 -> 11665 | Q29: =Overtime!AJ37 -> 470 | R29: =Overtime!AP37 -> 0 | S29: =F29+K29+P29 -> 19291 | T29: =S29/$S$36 -> 0.33906915 | U29: Lights | V29: ='LT-Wshng'!Q135 -> 4496 | W29: ='LT-Wshng'!W135 -> 3150 | X29: =V29+W29 -> 7646 | Y29: =X29/$X$36 -> 0.089275498 | Z29: =Overtime!AX37 -> 652 | AA29: =Overtime!BD37 -> 363
C30: Exhaust Fan | D30: ='LT GF'!H135 -> 3266 | F30: =D30+E30 -> 3266 | G30: =Overtime!F37 -> 233 | I30: ='LT FF'!J135 -> 1311 | K30: =I30+J30 -> 1311 | L30: =Overtime!T37 -> 195 | N30: ='LT 2F'!L135 -> 5847 | P30: =N30+O30 -> 5847 | Q30: =Overtime!AH37 -> 208 | S30: =F30+K30+P30 -> 10424 | T30: =S30/$S$36 -> 0.18321791 | U30: Exhaust Fan | V30: ='LT-Wshng'!O135 -> 7007 | W30: 0 | X30: =V30+W30 -> 7007 | Y30: =X30/$X$36 -> 0.081814467 | Z30: =Overtime!AV37 -> 804
C31: HVAC | D31: ='LT GF'!J135 -> 301 | E31: ='LT GF'!T135 -> 1059 | F31: =D31+E31 -> 1360 | I31: ='LT FF'!L135 -> 408 | J31: ='LT FF'!V135 -> 2107 | K31: =I31+J31 -> 2515 | N31: ='LT 2F'!N135 -> 352 | O31: ='LT 2F'!X135 -> 141 | P31: =N31+O31 -> 493 | S31: =F31+K31+P31 -> 4368 | T31: =S31/$S$36 -> 0.076774352 | U31: HVAC | V31: 0 | W31: 0 | X31: =V31+W31 -> 0 | Y31: =X31/$X$36 -> 0
C32: Machines | D32: ='LT GF'!F135 -> 0 | E32: ='LT GF'!R135 -> 2029 | F32: =D32+E32 -> 2029 | G32: =Overtime!L37 -> 88 | I32: ='LT FF'!H135 -> 3983 | J32: ='LT FF'!T135 -> 1542 | K32: =I32+J32 -> 5525 | L32: =Overtime!R37 -> 144 | M32: =Overtime!Z37 -> 200 | N32: ='LT 2F'!J135 -> 1308 | O32: ='LT 2F'!V135 -> 0 | P32: =N32+O32 -> 1308 | Q32: =Overtime!AF37 -> 196 | R32: =Overtime!AN37 -> 129 | S32: =F32+K32+P32 -> 8862 | T32: =S32/$S$36 -> 0.15576335 | U32: Machines | V32: ='LT-Wshng'!E135-'Summary '!V29-V30-V31 -> 56910 | W32: ='LT-Wshng'!U135-W29-W30-W31-W33-W34-W35 -> 8123 | X32: =V32+W32 -> 65033 | Y32: =X32/$X$36 -> 0.75933213
C33: Office | D33: ='LT GF'!N135 -> 54 | E33: ='LT GF'!X135 -> 250 | F33: =D33+E33 -> 304 | I33: ='LT FF'!P135 -> 5665 | J33: ='LT FF'!Z135 -> 5611 | K33: =I33+J33 -> 11276 | N33: ='LT 2F'!R135 -> 2228 | O33: ='LT 2F'!X135 -> 141 | P33: =N33+O33 -> 2369 | S33: =F33+K33+P33 -> 13949 | T33: =S33/$S$36 -> 0.24517524 | U33: Office | X33: =V33+W33 -> 0 | Y33: =X33/$X$36 -> 0
F34: =D34+E34 -> 0 | K34: =I34+J34 -> 0 | P34: =N34+O34 -> 0 | S34: =F34+K34+P34 -> 0 | U34: Laser 1 | W34: ='LT-Wshng'!AC135 -> 3009 | X34: =V34+W34 -> 3009 | Y34: =X34/$X$36 -> 0.035133399
C35: Main | F35: =D35+E35 -> 0 | G35: =Overtime!D37 -> 2239 | H35: =Overtime!J37 -> 818 | K35: =I35+J35 -> 0 | L35: =Overtime!P37 -> 868 | M35: =Overtime!X37 -> 749 | P35: =N35+O35 -> 0 | Q35: =Overtime!AD37 -> 1357 | R35: =Overtime!AL37 -> 1059 | S35: =F35+K35+P35 -> 0 | U35: Laser 2 | W35: ='LT-Wshng'!AE135 -> 2950 | X35: =V35+W35 -> 2950 | Y35: =X35/$X$36 -> 0.034444509 | Z35: =Overtime!AR37 -> 8037 | AA35: =Overtime!BB37 -> 1382
C36: Sum | F36: =SUM(F29:F35) -> 14020 | G36: =G35+H35 -> 3057 | K36: =SUM(K29:K35) -> 21192 | L36: =L35+M35 -> 1617 | P36: =SUM(P29:P35) -> 21682 | Q36: =Q35+R35 -> 2416 | S36: =F36+K36+P36 -> 56894 | T36: =SUM(T29:T35) -> 1 | V36: =SUM(V29:V35) -> 68413 | W36: =SUM(W29:W35) -> 17232 | X36: =V36+W36 -> 85645 | Z36: =Z35+AA35 -> 9419
B37: 45962 | C37: Lights | D37: ='LT GF'!L168 -> 3710 | E37: ='LT GF'!V168 -> 3164 | F37: =D37+E37 -> 6874 | G37: =Overtime!H45 -> 80 | H37: =Overtime!N45 -> 23 | I37: ='LT FF'!L168 -> 344 | J37: ='LT FF'!V168 -> 1972 | K37: =I37+J37 -> 2316 | L37: =Overtime!V45 -> 0 | M37: =Overtime!AB45 -> 2 | N37: ='LT 2F'!L168 -> 5179 | O37: ='LT 2F'!V168 -> 0 | P37: =N37+O37 -> 5179 | Q37: =Overtime!AJ45 -> 0 | R37: =Overtime!AP45 -> 0 | S37: =F37+K37+P37 -> 14369 | T37: =S37/$S$44 -> 0.52323629 | U37: Lights | V37: ='LT-Wshng'!Q168 -> 4046 | W37: ='LT-Wshng'!W168 -> 2315 | X37: =V37+W37 -> 6361 | Y37: =X37/$X$44 -> 0.3927028 | Z37: =Overtime!AX45 -> 0 | AA37: =Overtime!BD45 -> 0
C38: Exhaust Fan | D38: ='LT GF'!H168 -> 605 | F38: =D38+E38 -> 605 | G38: =Overtime!F45 -> 8 | I38: ='LT FF'!H168 -> 650 | K38: =I38+J38 -> 650 | L38: =Overtime!T45 -> 0 | N38: ='LT 2F'!H168 -> 538 | P38: =N38+O38 -> 538 | Q38: =Overtime!AH45 -> 0 | S38: =F38+K38+P38 -> 1793 | T38: =S38/$S$44 -> 0.065290742 | U38: Exhaust Fan | V38: ='LT-Wshng'!O168 -> 2249 | W38: 0 | X38: =V38+W38 -> 2249 | Y38: =X38/$X$44 -> 0.1388443 | Z38: =Overtime!AV45 -> 0
C39: HVAC | D39: ='LT GF'!J168 -> 23 | E39: ='LT GF'!T168 -> 206 | F39: =D39+E39 -> 229 | I39: ='LT FF'!J168 -> 203 | J39: ='LT FF'!T168 -> 341 | K39: =I39+J39 -> 544 | N39: ='LT 2F'!J168 -> 266 | O39: ='LT 2F'!T168 -> 94 | P39: =N39+O39 -> 360 | S39: =F39+K39+P39 -> 1133 | T39: =S39/$S$44 -> 0.04125734 | U39: HVAC | V39: 0 | W39: 0 | X39: =V39+W39 -> 0 | Y39: =X39/$X$44 -> 0
C40: Machines | D40: 0 | E40: ='LT GF'!R168 -> 1959 | F40: =D40+E40 -> 1959 | G40: =Overtime!L45 -> 0 | I40: ='LT FF'!F168 -> 1316 | J40: ='LT FF'!R168 -> 731 | K40: =I40+J40 -> 2047 | L40: =Overtime!R45 -> 0 | M40: =Overtime!Z45 -> 0 | N40: ='LT 2F'!F168 -> 2493 | O40: ='LT 2F'!R168 -> 1298 | P40: =N40+O40 -> 3791 | Q40: =Overtime!AF45 -> 0 | R40: =Overtime!AN45 -> 0 | S40: =F40+K40+P40 -> 7797 | T40: =S40/$S$44 -> 0.28392187 | U40: Machines | W40: ='LT-Wshng'!U168-W37-W38-W39-W41-W42-W43 -> 4060 | X40: =V40+W40 -> 4060 | Y40: =X40/$X$44 -> 0.25064823
C41: Office | D41: ='LT GF'!N168 -> 74 | E41: ='LT GF'!X168 -> 75 | F41: =D41+E41 -> 149 | I41: ='LT FF'!N168 -> 337 | J41: ='LT FF'!X168 -> 180 | K41: =I41+J41 -> 517 | N41: ='LT 2F'!N168 -> 492 | O41: ='LT 2F'!X168 -> 180 | P41: =N41+O41 -> 672 | S41: =F41+K41+P41 -> 1338 | T41: =S41/$S$44 -> 0.048722261 | U41: Office | X41: =V41+W41 -> 0 | Y41: =X41/$X$44 -> 0
C42: Turbine | D42: 1031.78 | F42: =D42+E42 -> 1031.78 | K42: =I42+J42 -> 0 | P42: =N42+O42 -> 0 | S42: =F42+K42+P42 -> 1031.78 | T42: =S42/$S$44 -> 0.03757149 | U42: Laser 1 | W42: ='LT-Wshng'!AC168 -> 1736 | X42: =V42+W42 -> 1736 | Y42: =X42/$X$44 -> 0.10717373
C43: Main | F43: =D43+E43 -> 0 | G43: =Overtime!D45 -> 82 | H43: =Overtime!J45 -> 31 | K43: =I43+J43 -> 0 | L43: =Overtime!P45 -> 0 | M43: =Overtime!X45 -> 7 | P43: =N43+O43 -> 0 | Q43: =Overtime!AD45 -> 0 | R43: =Overtime!AL45 -> 0 | S43: =F43+K43+P43 -> 0 | T43: =S43/$S$44 -> 0 | U43: Laser 2 | W43: ='LT-Wshng'!AE168 -> 1792 | X43: =V43+W43 -> 1792 | Y43: =X43/$X$44 -> 0.11063094 | Z43: =Overtime!AR45 -> 0 | AA43: =Overtime!BB45 -> 0
C44: Sum | F44: =SUM(F37:F43) -> 10847.78 | G44: =G43+H43 -> 113 | K44: =SUM(K37:K43) -> 6074 | L44: =L43+M43 -> 7 | P44: =SUM(P37:P43) -> 10540 | Q44: =Q43+R43 -> 0 | S44: =F44+K44+P44 -> 27461.78 | T44: =SUM(T37:T43) -> 1 | V44: =SUM(V37:V43) -> 6295 | W44: =SUM(W37:W43) -> 9903 | X44: =V44+W44 -> 16198 | Z44: =Z43+AA43 -> 0

Sheet SBSTN DND
B1: DENIM & WASHING SUBSTATION ENERGY ANALYZER READINGS
B2: DAY | C2: DATE | D2: INCOMING | F2: Washing GF | H2: Solar | J2: GROUND FLOOR | N2: FIRST FLOOR | R2: SECOND FLOOR | V2: WASHING GF (TEMPORARY) | X2: WASHING FF | Z2: SPARE | AB2: Sub-Station DB | AD2: SPARE | AF2: SPARE | AH2: Compressor | AJ2: kWh/Day TTL | AK2: Diff.
D3: 0 | F3: 1 | H3: 2 | J3: 3 | L3: 4 | N3: 5 | P3: 6 | R3: 7 | T3: 8 | V3: 9 | X3: 10 | Y3: 9 | Z3: 11 | AB3: 12 | AD3: 13 | AF3: 14 | AH3: 15
D4: Main ACB | F4: Washing 1600A GF | H4: Solar 1600A | J4: MPB-1-GF | L4: MPB-2-GF2 | N4: MPB-1F-LT1 | P4: MPB-1F-LT2 | R4: MPB-2F-LT1 | T4: MPB-2F-LT2 | V4: MPB-WASHING-GF | X4: MPB-WASHING-1F | Z4: Spare250A | AB4: Ac Substation/Spare100A | AD4: Spare100A | AF4: Spare63A | AH4: Compressor/Spare400A
D5: Meter Reading | E5: Daily Units (kWh) | F5: Meter Reading | G5: Daily Units (kWh) | H5: Meter Reading | I5: Daily Units (kWh) | J5: Meter Reading | K5: Daily Units (kWh) | L5: Meter Reading | M5: Daily Units (kWh) | N5: Meter Reading | O5: Daily Units (kWh) | P5: Meter Reading | Q5: Daily Units (kWh) | R5: Meter Reading | S5: Daily Units (kWh) | T5: Meter Reading | U5: Daily Units (kWh) | V5: Meter Reading | W5: Daily Units (kWh) | X5: Meter Reading | Y5: Daily Units (kWh) | Z5: Meter Reading | AA5: Daily Units (kWh) | AB5: Meter Reading | AC5: Daily Units (kWh) | AD5: Meter Reading | AE5: Daily Units (kWh) | AF5: Meter Reading | AG5: Daily Units (kWh) | AH5: Meter Reading | AI5: Daily Units (kWh)
B6: TUE | C6: 45839 | D6: 29352 | E6: =IF(D7<>"",D7-D6,"") -> 2010 | J6: 5321 | K6: =IF(J7<>"",J7-J6,"") -> 363 | M6: =IF(L7<>"",L7-L6,"") | O6: =IF(N7<>"",N7-N6,"") | Q6: =IF(P7<>"",P7-P6,"") | R6: 14413 | S6: =IF(R7<>"",R7-R6,"") -> 395 | U6: =IF(T7<>"",T7-T6,"") | V6: 17011 | W6: =IF(V7<>"",V7-V6,"") -> 1001 | X6: 625 | Y6: =IF(X7<>"",X7-X6,"") -> 310 | AJ6: =SUM(G6,K6,M6,O6,Q6,S6,U6,W6,Y6,AA6,AC6,AE6,AG6,AI6) -> 2069 | AK6: =(E6+I6)-AJ6 -> -59
B7: WED | C7: 45840 | D7: 31362 | E7: =IF(D8<>"",D8-D7,"") -> 2964 | J7: 5684 | K7: =IF(J8<>"",J8-J7,"") -> 304 | M7: =IF(L8<>"",L8-L7,"") | O7: =IF(N8<>"",N8-N7,"") | Q7: =IF(P8<>"",P8-P7,"") | R7: 14808 | S7: =IF(R8<>"",R8-R7,"") -> 480 | U7: =IF(T8<>"",T8-T7,"") | V7: 18012 | W7: =IF(V8<>"",V8-V7,"") -> 1052 | X7: 935 | Y7: =IF(X8<>"",X8-X7,"") -> 246 | AJ7: =SUM(G7,K7,M7,O7,Q7,S7,U7,W7,Y7,AA7,AC7,AE7,AG7,AI7) -> 2082 | AK7: =(E7+I7)-AJ7 -> 882
B8: THU | C8: 45841 | D8: 34326 | E8: =IF(D9<>"",D9-D8,"") -> 1533 | J8: 5988 | K8: =IF(J9<>"",J9-J8,"") -> 376 | M8: =IF(L9<>"",L9-L8,"") | O8: =IF(N9<>"",N9-N8,"") | Q8: =IF(P9<>"",P9-P8,"") | R8: 15288 | S8: =IF(R9<>"",R9-R8,"") -> 565 | U8: =IF(T9<>"",T9-T8,"") | V8: 19064 | W8: =IF(V9<>"",V9-V8,"") -> 954 | X8: 1181 | Y8: =IF(X9<>"",X9-X8,"") -> 372 | AJ8: =SUM(G8,K8,M8,O8,Q8,S8,U8,W8,Y8,AA8,AC8,AE8,AG8,AI8) -> 2267 | AK8: =(E8+I8)-AJ8 -> -734
B9: FRI | C9: 45842 | D9: 35859 | E9: =IF(D10<>"",D10-D9,"") -> 1099 | J9: 6364 | K9: =IF(J10<>"",J10-J9,"") -> 195 | M9: =IF(L10<>"",L10-L9,"") | O9: =IF(N10<>"",N10-N9,"") | Q9: =IF(P10<>"",P10-P9,"") | R9: 15853 | S9: =IF(R10<>"",R10-R9,"") -> 357 | U9: =IF(T10<>"",T10-T9,"") | V9: 20018 | W9: =IF(V10<>"",V10-V9,"") -> 894 | X9: 1553 | Y9: =IF(X10<>"",X10-X9,"") -> 251 | AJ9: =SUM(G9,K9,M9,O9,Q9,S9,U9,W9,Y9,AA9,AC9,AE9,AG9,AI9) -> 1697 | AK9: =(E9+I9)-AJ9 -> -598
B10: SAT | C10: 45843 | D10: 36958 | E10: =IF(D11<>"",D11-D10,"") -> 1021 | J10: 6559 | K10: =IF(J11<>"",J11-J10,"") -> 225 | M10: =IF(L11<>"",L11-L10,"") | O10: =IF(N11<>"",N11-N10,"") | Q10: =IF(P11<>"",P11-P10,"") | R10: 16210 | S10: =IF(R11<>"",R11-R10,"") -> 313 | U10: =IF(T11<>"",T11-T10,"") | V10: 20912 | W10: =IF(V11<>"",V11-V10,"") -> 555 | X10: 1804 | Y10: =IF(X11<>"",X11-X10,"") -> 192 | AJ10: =SUM(G10,K10,M10,O10,Q10,S10,U10,W10,Y10,AA10,AC10,AE10,AG10,AI10) -> 1285 | AK10: =(E10+I10)-AJ10 -> -264
B11: SUN | C11: 45844 | D11: 37979 | E11: =IF(D12<>"",D12-D11,"") -> 0 | J11: 6784 | K11: =IF(J12<>"",J12-J11,"") -> 0 | M11: =IF(L12<>"",L12-L11,"") | O11: =IF(N12<>"",N12-N11,"") | Q11: =IF(P12<>"",P12-P11,"") | R11: 16523 | S11: =IF(R12<>"",R12-R11,"") -> 0 | U11: =IF(T12<>"",T12-T11,"") | V11: 21467 | W11: =IF(V12<>"",V12-V11,"") -> 0 | X11: 1996 | Y11: =IF(X12<>"",X12-X11,"") -> 0 | AJ11: =SUM(G11,K11,M11,O11,Q11,S11,U11,W11,Y11,AA11,AC11,AE11,AG11,AI11) -> 0 | AK11: =(E11+I11)-AJ11 -> 0
B12: MON | C12: 45845 | D12: 37979 | E12: =IF(D13<>"",D13-D12,"") -> 2656 | J12: 6784 | K12: =IF(J13<>"",J13-J12,"") -> 422 | M12: =IF(L13<>"",L13-L12,"") | O12: =IF(N13<>"",N13-N12,"") | Q12: =IF(P13<>"",P13-P12,"") | R12: 16523 | S12: =IF(R13<>"",R13-R12,"") -> 640 | U12: =IF(T13<>"",T13-T12,"") | V12: 21467 | W12: =IF(V13<>"",V13-V12,"") -> 1345 | X12: 1996 | Y12: =IF(X13<>"",X13-X12,"") -> 422 | AJ12: =SUM(G12,K12,M12,O12,Q12,S12,U12,W12,Y12,AA12,AC12,AE12,AG12,AI12) -> 2829 | AK12: =(E12+I12)-AJ12 -> -173
B13: TUE | C13: 45846 | D13: 40635 | E13: =IF(D14<>"",D14-D13,"") -> 2071 | J13: 7206 | K13: =IF(J14<>"",J14-J13,"") -> 367 | M13: =IF(L14<>"",L14-L13,"") | O13: =IF(N14<>"",N14-N13,"") | Q13: =IF(P14<>"",P14-P13,"") | R13: 17163 | S13: =IF(R14<>"",R14-R13,"") -> 598 | U13: =IF(T14<>"",T14-T13,"") | V13: 22812 | W13: =IF(V14<>"",V14-V13,"") -> 1320 | X13: 2418 | Y13: =IF(X14<>"",X14-X13,"") -> 398 | AJ13: =SUM(G13,K13,M13,O13,Q13,S13,U13,W13,Y13,AA13,AC13,AE13,AG13,AI13) -> 2683 | AK13: =(E13+I13)-AJ13 -> -612
B14: WED | C14: 45847 | D14: 42706 | E14: =IF(D15<>"",D15-D14,"") -> 2567 | J14: 7573 | K14: =IF(J15<>"",J15-J14,"") -> 402 | M14: =IF(L15<>"",L15-L14,"") | O14: =IF(N15<>"",N15-N14,"") | Q14: =IF(P15<>"",P15-P14,"") | R14: 17761 | S14: =IF(R15<>"",R15-R14,"") -> 699 | U14: =IF(T15<>"",T15-T14,"") | V14: 24132 | W14: =IF(V15<>"",V15-V14,"") -> 1159 | X14: 2816 | Y14: =IF(X15<>"",X15-X14,"") -> 320 | AJ14: =SUM(G14,K14,M14,O14,Q14,S14,U14,W14,Y14,AA14,AC14,AE14,AG14,AI14) -> 2580 | AK14: =(E14+I14)-AJ14 -> -13
B15: THU | C15: 45848 | D15: 45273 | E15: =IF(D16<>"",D16-D15,"") -> 2403 | J15: 7975 | K15: =IF(J16<>"",J16-J15,"") -> 316 | M15: =IF(L16<>"",L16-L15,"") | O15: =IF(N16<>"",N16-N15,"") | Q15: =IF(P16<>"",P16-P15,"") | R15: 18460 | S15: =IF(R16<>"",R16-R15,"") -> 630 | U15: =IF(T16<>"",T16-T15,"") | V15: 25291 | W15: =IF(V16<>"",V16-V15,"") -> 1212 | X15: 3136 | Y15: =IF(X16<>"",X16-X15,"") -> 408 | AJ15: =SUM(G15,K15,M15,O15,Q15,S15,U15,W15,Y15,AA15,AC15,AE15,AG15,AI15) -> 2566 | AK15: =(E15+I15)-AJ15 -> -163
B16: FRI | C16: 45849 | D16: 47676 | E16: =IF(D17<>"",D17-D16,"") -> 2135 | J16: 8291 | K16: =IF(J17<>"",J17-J16,"") -> 412 | M16: =IF(L17<>"",L17-L16,"") | O16: =IF(N17<>"",N17-N16,"") | Q16: =IF(P17<>"",P17-P16,"") | R16: 19090 | S16: =IF(R17<>"",R17-R16,"") -> 757 | U16: =IF(T17<>"",T17-T16,"") | V16: 26503 | W16: =IF(V17<>"",V17-V16,"") -> 1358 | X16: 3544 | Y16: =IF(X17<>"",X17-X16,"") -> 418 | AJ16: =SUM(G16,K16,M16,O16,Q16,S16,U16,W16,Y16,AA16,AC16,AE16,AG16,AI16) -> 2945 | AK16: =(E16+I16)-AJ16 -> -810
B17: SAT | C17: 45850 | D17: 49811 | E17: =IF(D18<>"",D18-D17,"") -> 2866 | J17: 8703 | K17: =IF(J18<>"",J18-J17,"") -> 489 | M17: =IF(L18<>"",L18-L17,"") | O17: =IF(N18<>"",N18-N17,"") | Q17: =IF(P18<>"",P18-P17,"") | R17: 19847 | S17: =IF(R18<>"",R18-R17,"") -> 862 | U17: =IF(T18<>"",T18-T17,"") | V17: 27861 | W17: =IF(V18<>"",V18-V17,"") -> 1653 | X17: 3962 | Y17: =IF(X18<>"",X18-X17,"") -> 649 | AJ17: =SUM(G17,K17,M17,O17,Q17,S17,U17,W17,Y17,AA17,AC17,AE17,AG17,AI17) -> 3653 | AK17: =(E17+I17)-AJ17 -> -787
... B35: WED | C35: 45868 | D35: 99586 | E35: =IF(D36<>"",D36-D35,"") -> 3417 | J35: 15956 | K35: =IF(J36<>"",J36-J35,"") -> 608 | M35: =IF(L36<>"",L36-L35,"") | O35: =IF(N36<>"",N36-N35,"") | Q35: =IF(P36<>"",P36-P35,"") | R35: 30417 | S35: =IF(R36<>"",R36-R35,"") -> 832 | U35: =IF(T36<>"",T36-T35,"") | V35: 46681 | W35: =IF(V36<>"",V36-V35,"") -> 862 | X35: 13091 | Y35: =IF(X36<>"",X36-X35,"") -> 629 | AJ35: =SUM(G35,K35,M35,O35,Q35,S35,U35,W35,Y35,AA35,AC35,AE35,AG35,AI35) -> 2931 | AK35: =(E35+I35)-AJ35 -> 486
B36: THU | C36: 45869 | D36: 103003 | E36: =IF(D38<>"",D38-D36,"") -> 5178 | J36: 16564 | K36: =IF(J38<>"",J38-J36,"") -> 659 | M36: =IF(L38<>"",L38-L36,"") | O36: =IF(N38<>"",N38-N36,"") | Q36: =IF(P38<>"",P38-P36,"") | R36: 31249 | S36: =IF(R38<>"",R38-R36,"") -> 793 | U36: =IF(T38<>"",T38-T36,"") | V36: 47543 | W36: =IF(V38<>"",V38-V36,"") -> 949 | X36: 13720 | Y36: =IF(X38<>"",X38-X36,"") -> 603 | AJ36: =SUM(G36,K36,M36,O36,Q36,S36,U36,W36,Y36,AA36,AC36,AE36,AG36,AI36) -> 3004 | AK36: =(E36+I36)-AJ36 -> 2174
B37: kWh/Mo TTL | E37: =SUM(E4:E35) -> 73651 | K37: =SUM(K4:K35) -> 11243 | M37: =SUM(M4:M35) -> 0 | O37: =SUM(O4:O35) -> 0 | Q37: =SUM(Q4:Q35) -> 0 | S37: =SUM(S4:S35) -> 16836 | U37: =SUM(U4:U35) -> 0 | W37: =SUM(W4:W35) -> 30532 | Y37: =SUM(Y4:Y35) -> 13095 | AJ37: =SUM(U37,W37,Y37,AA37,AC37,AE37,AG37,AI37) -> 43627 | AK37: =AJ37-S37 -> 26791
B38: FRI | C38: 45870 | D38: 108181 | E38: =IF(D39<>"",D39-D38,"") -> 3075 | F38: 4880 | G38: =IF(F39<>"",F39-F38,"") -> 810 | H38: 79 | I38: =IF(H39<>"",H39-H38,"") -> 0 | J38: 17223 | K38: =IF(J39<>"",J39-J38,"") -> 594 | O38: =IF(N39<>"",N39-N38,"") -> 16291 | Q38: =IF(P39<>"",P39-P38,"") -> 4147 | R38: 32042 | S38: =IF(R39<>"",R39-R38,"") -> 945 | U38: =IF(T39<>"",T39-T38,"") -> 5741 | V38: 48492 | W38: =IF(V39<>"",V39-V38,"") -> 131 | X38: 14323 | Y38: =IF(X39<>"",X39-X38,"") -> 6087 | Z38: 78 | AA38: =IF(Z39<>"",Z39-Z38,"") -> 0 | AB38: 6850 | AC38: =IF(AB39<>"",AB39-AB38,"") -> 136 | AD38: 6754 | AE38: =IF(AD39<>"",AD39-AD38,"") -> 0 | AF38: 11429 | AG38: =IF(AF39<>"",AF39-AF38,"") -> 0 | AH38: 0 | AI38: =IF(AH39<>"",AH39-AH38,"") -> 571 | AJ38: =SUM(G38,K38,M38,O38,Q38,S38,U38,W38,Y38,AA38,AC38,AE38,AG38,AI38) -> 35453 | AK38: =(E38+I38)-AJ38 -> -32378
B39: SAT | C39: 45871 | D39: 111256 | E39: =IF(D40<>"",D40-D39,"") -> 1659 | F39: 5690 | G39: =IF(F40<>"",F40-F39,"") -> 934 | H39: 79 | I39: =IF(H40<>"",H40-H39,"") -> 1 | J39: 17817 | K39: =IF(J40<>"",J40-J39,"") -> 441 | L39: 2645 | M39: =IF(L40<>"",L40-L39,"") -> 62 | N39: 16291 | O39: =IF(N40<>"",N40-N39,"") -> 369 | P39: 4147 | Q39: =IF(P40<>"",P40-P39,"") -> 119 | R39: 32987 | S39: =IF(R40<>"",R40-R39,"") -> 703 | T39: 5741 | U39: =IF(T40<>"",T40-T39,"") -> 111 | V39: 48623 | W39: =IF(V40<>"",V40-V39,"") -> 11 | X39: 20410 | Y39: =IF(X40<>"",X40-X39,"") -> 617 | Z39: 78 | AA39: =IF(Z40<>"",Z40-Z39,"") -> 0 | AB39: 6986 | AC39: =IF(AB40<>"",AB40-AB39,"") -> 554 | AD39: 6754 | AE39: =IF(AD40<>"",AD40-AD39,"") -> 0 | AF39: 11429 | AG39: =IF(AF40<>"",AF40-AF39,"") -> 0 | AH39: 571 | AI39: =IF(AH40<>"",AH40-AH39,"") -> 673 | AJ39: =SUM(G39,K39,M39,O39,Q39,S39,U39,W39,Y39,AA39,AC39,AE39,AG39,AI39) -> 4594 | AK39: =(E39+I39)-AJ39 -> -2934
B40: SUN | C40: 45872 | D40: 112915 | E40: =IF(D41<>"",D41-D40,"") -> 0 | F40: 6624 | G40: =IF(F41<>"",F41-F40,"") -> 0 | H40: 80 | I40: =IF(H41<>"",H41-H40,"") -> 0 | J40: 18258 | K40: =IF(J41<>"",J41-J40,"") -> 0 | L40: 2707 | M40: =IF(L41<>"",L41-L40,"") -> 0 | N40: 16660 | O40: =IF(N41<>"",N41-N40,"") -> 0 | P40: 4266 | Q40: =IF(P41<>"",P41-P40,"") -> 0 | R40: 33690 | S40: =IF(R41<>"",R41-R40,"") -> 0 | T40: 5852 | U40: =IF(T41<>"",T41-T40,"") -> 0 | V40: 48634 | W40: =IF(V41<>"",V41-V40,"") -> 0 | X40: 21027 | Y40: =IF(X41<>"",X41-X40,"") -> 0 | Z40: 78 | AA40: =IF(Z41<>"",Z41-Z40,"") -> 0 | AB40: 7540 | AC40: =IF(AB41<>"",AB41-AB40,"") -> 0 | AD40: 6754 | AE40: =IF(AD41<>"",AD41-AD40,"") -> 0 | AF40: 11429 | AG40: =IF(AF41<>"",AF41-AF40,"") -> 0 | AH40: 1244 | AI40: =IF(AH41<>"",AH41-AH40,"") -> 0 | AJ40: =SUM(G40,K40,M40,O40,Q40,S40,U40,W40,Y40,AA40,AC40,AE40,AG40,AI40) -> 0 | AK40: =(E40+I40)-AJ40 -> 0
B41: MON | C41: 45873 | D41: 112915 | E41: =IF(D42<>"",D42-D41,"") -> 2748 | F41: 6624 | G41: =IF(F42<>"",F42-F41,"") -> 1047 | H41: 80 | I41: =IF(H42<>"",H42-H41,"") -> 0 | J41: 18258 | K41: =IF(J42<>"",J42-J41,"") -> 524 | L41: 2707 | M41: =IF(L42<>"",L42-L41,"") -> 69 | N41: 16660 | O41: =IF(N42<>"",N42-N41,"") -> 463 | P41: 4266 | Q41: =IF(P42<>"",P42-P41,"") -> 135 | R41: 33690 | S41: =IF(R42<>"",R42-R41,"") -> 757 | T41: 5852 | U41: =IF(T42<>"",T42-T41,"") -> 126 | V41: 48634 | W41: =IF(V42<>"",V42-V41,"") -> 2 | X41: 21027 | Y41: =IF(X42<>"",X42-X41,"") -> 696 | Z41: 78 | AA41: =IF(Z42<>"",Z42-Z41,"") -> 0 | AB41: 7540 | AC41: =IF(AB42<>"",AB42-AB41,"") -> 3 | AD41: 6754 | AE41: =IF(AD42<>"",AD42-AD41,"") -> 0 | AF41: 11429 | AG41: =IF(AF42<>"",AF42-AF41,"") -> 0 | AH41: 1244 | AI41: =IF(AH42<>"",AH42-AH41,"") -> 730 | AJ41: =SUM(G41,K41,M41,O41,Q41,S41,U41,W41,Y41,AA41,AC41,AE41,AG41,AI41) -> 4552 | AK41: =(E41+I41)-AJ41 -> -1804
B42: TUE | C42: 45874 | D42: 115663 | E42: =IF(D43<>"",D43-D42,"") -> 2036 | F42: 7671 | G42: =IF(F43<>"",F43-F42,"") -> 1163 | H42: 80 | I42: =IF(H43<>"",H43-H42,"") -> 0 | J42: 18782 | K42: =IF(J43<>"",J43-J42,"") -> 556 | L42: 2776 | M42: =IF(L43<>"",L43-L42,"") -> 67 | N42: 17123 | O42: =IF(N43<>"",N43-N42,"") -> 496 | P42: 4401 | Q42: =IF(P43<>"",P43-P42,"") -> 139 | R42: 34447 | S42: =IF(R43<>"",R43-R42,"") -> 672 | T42: 5978 | U42: =IF(T43<>"",T43-T42,"") -> 126 | V42: 48636 | W42: =IF(V43<>"",V43-V42,"") -> 2 | X42: 21723 | Y42: =IF(X43<>"",X43-X42,"") -> 707 | Z42: 78 | AA42: =IF(Z43<>"",Z43-Z42,"") -> 0 | AB42: 7543 | AC42: =IF(AB43<>"",AB43-AB42,"") -> 204 | AD42: 6754 | AE42: =IF(AD43<>"",AD43-AD42,"") -> 0 | AF42: 11429 | AG42: =IF(AF43<>"",AF43-AF42,"") -> 0 | AH42: 1974 | AI42: =IF(AH43<>"",AH43-AH42,"") -> 835 | AJ42: =SUM(G42,K42,M42,O42,Q42,S42,U42,W42,Y42,AA42,AC42,AE42,AG42,AI42) -> 4967 | AK42: =(E42+I42)-AJ42 -> -2931
B43: WED | C43: 45875 | D43: 117699 | E43: =IF(D44<>"",D44-D43,"") -> 2323 | F43: 8834 | G43: =IF(F44<>"",F44-F43,"") -> 1315 | H43: 80 | I43: =IF(H44<>"",H44-H43,"") -> 1 | J43: 19338 | K43: =IF(J44<>"",J44-J43,"") -> 568 | L43: 2843 | M43: =IF(L44<>"",L44-L43,"") -> 54 | N43: 17619 | O43: =IF(N44<>"",N44-N43,"") -> 450 | P43: 4540 | Q43: =IF(P44<>"",P44-P43,"") -> 134 | R43: 35119 | S43: =IF(R44<>"",R44-R43,"") -> 789 | T43: 6104 | U43: =IF(T44<>"",T44-T43,"") -> 117 | V43: 48638 | W43: =IF(V44<>"",V44-V43,"") -> 1 | X43: 22430 | Y43: =IF(X44<>"",X44-X43,"") -> 652 | Z43: 78 | AA43: =IF(Z44<>"",Z44-Z43,"") -> 0 | AB43: 7747 | AC43: =IF(AB44<>"",AB44-AB43,"") -> 198 | AD43: 6754 | AE43: =IF(AD44<>"",AD44-AD43,"") -> 0 | AF43: 11429 | AG43: =IF(AF44<>"",AF44-AF43,"") -> 0 | AH43: 2809 | AI43: =IF(AH44<>"",AH44-AH43,"") -> 805 | AJ43: =SUM(G43,K43,M43,O43,Q43,S43,U43,W43,Y43,AA43,AC43,AE43,AG43,AI43) -> 5083 | AK43: =(E43+I43)-AJ43 -> -2759
B44: THU | C44: 45876 | D44: 120022 | E44: =IF(D45<>"",D45-D44,"") -> 2689 | F44: 10149 | G44: =IF(F45<>"",F45-F44,"") -> 1313 | H44: 81 | I44: =IF(H45<>"",H45-H44,"") -> 0 | J44: 19906 | K44: =IF(J45<>"",J45-J44,"") -> 636 | L44: 2897 | M44: =IF(L45<>"",L45-L44,"") -> 65 | N44: 18069 | O44: =IF(N45<>"",N45-N44,"") -> 513 | P44: 4674 | Q44: =IF(P45<>"",P45-P44,"") -> 150 | R44: 35908 | S44: =IF(R45<>"",R45-R44,"") -> 821 | T44: 6221 | U44: =IF(T45<>"",T45-T44,"") -> 129 | V44: 48639 | W44: =IF(V45<>"",V45-V44,"") -> 0 | X44: 23082 | Y44: =IF(X45<>"",X45-X44,"") -> 751 | Z44: 78 | AA44: =IF(Z45<>"",Z45-Z44,"") -> 0 | AB44: 7945 | AC44: =IF(AB45<>"",AB45-AB44,"") -> 221 | AD44: 6754 | AE44: =IF(AD45<>"",AD45-AD44,"") -> 0 | AF44: 11429 | AG44: =IF(AF45<>"",AF45-AF44,"") -> 0 | AH44: 3614 | AI44: =IF(AH45<>"",AH45-AH44,"") -> 918 | AJ44: =SUM(G44,K44,M44,O44,Q44,S44,U44,W44,Y44,AA44,AC44,AE44,AG44,AI44) -> 5517 | AK44: =(E44+I44)-AJ44 -> -2828
B45: FRI | C45: 45877 | D45: 122711 | E45: =IF(D46<>"",D46-D45,"") -> 2081 | F45: 11462 | G45: =IF(F46<>"",F46-F45,"") -> 1102 | H45: 81 | I45: =IF(H46<>"",H46-H45,"") -> 0 | J45: 20542 | K45: =IF(J46<>"",J46-J45,"") -> 524 | L45: 2962 | M45: =IF(L46<>"",L46-L45,"") -> 64 | N45: 18582 | O45: =IF(N46<>"",N46-N45,"") -> 420 | P45: 4824 | Q45: =IF(P46<>"",P46-P45,"") -> 103 | R45: 36729 | S45: =IF(R46<>"",R46-R45,"") -> 691 | T45: 6350 | U45: =IF(T46<>"",T46-T45,"") -> 107 | V45: 48639 | W45: =IF(V46<>"",V46-V45,"") -> 0 | X45: 23833 | Y45: =IF(X46<>"",X46-X45,"") -> 600 | Z45: 78 | AA45: =IF(Z46<>"",Z46-Z45,"") -> 0 | AB45: 8166 | AC45: =IF(AB46<>"",AB46-AB45,"") -> 199 | AD45: 6754 | AE45: =IF(AD46<>"",AD46-AD45,"") -> 0 | AF45: 11429 | AG45: =IF(AF46<>"",AF46-AF45,"") -> 0 | AH45: 4532 | AI45: =IF(AH46<>"",AH46-AH45,"") -> 726 | AJ45: =SUM(G45,K45,M45,O45,Q45,S45,U45,W45,Y45,AA45,AC45,AE45,AG45,AI45) -> 4536 | AK45: =(E45+I45)-AJ45 -> -2455
B46: SAT | C46: 45878 | D46: 124792 | E46: =IF(D47<>"",D47-D46,"") -> 2096 | F46: 12564 | G46: =IF(F47<>"",F47-F46,"") -> 1131 | H46: 81 | I46: =IF(H47<>"",H47-H46,"") -> 0 | J46: 21066 | K46: =IF(J47<>"",J47-J46,"") -> 443 | L46: 3026 | M46: =IF(L47<>"",L47-L46,"") -> 48 | N46: 19002 | O46: =IF(N47<>"",N47-N46,"") -> 407 | P46: 4927 | Q46: =IF(P47<>"",P47-P46,"") -> 86 | R46: 37420 | S46: =IF(R47<>"",R47-R46,"") -> 723 | T46: 6457 | U46: =IF(T47<>"",T47-T46,"") -> 107 | V46: 48639 | W46: =IF(V47<>"",V47-V46,"") -> 0 | X46: 24433 | Y46: =IF(X47<>"",X47-X46,"") -> 625 | Z46: 78 | AA46: =IF(Z47<>"",Z47-Z46,"") -> 0 | AB46: 8365 | AC46: =IF(AB47<>"",AB47-AB46,"") -> 157 | AD46: 6754 | AE46: =IF(AD47<>"",AD47-AD46,"") -> 0 | AF46: 11429 | AG46: =IF(AF47<>"",AF47-AF46,"") -> 0 | AH46: 5258 | AI46: =IF(AH47<>"",AH47-AH46,"") -> 813 | AJ46: =SUM(G46,K46,M46,O46,Q46,S46,U46,W46,Y46,AA46,AC46,AE46,AG46,AI46) -> 4540 | AK46: =(E46+I46)-AJ46 -> -2444
B47: SUN | C47: 45879 | D47: 126888 | E47: =IF(D48<>"",D48-D47,"") -> 262 | F47: 13695 | G47: =IF(F48<>"",F48-F47,"") -> 58 | H47: 81 | I47: =IF(H48<>"",H48-H47,"") -> 1 | J47: 21509 | K47: =IF(J48<>"",J48-J47,"") -> 115 | L47: 3074 | M47: =IF(L48<>"",L48-L47,"") -> 13 | N47: 19409 | O47: =IF(N48<>"",N48-N47,"") -> 37 | P47: 5013 | Q47: =IF(P48<>"",P48-P47,"") -> 18 | R47: 38143 | S47: =IF(R48<>"",R48-R47,"") -> 37 | T47: 6564 | U47: =IF(T48<>"",T48-T47,"") -> 14 | V47: 48639 | W47: =IF(V48<>"",V48-V47,"") -> 0 | X47: 25058 | Y47: =IF(X48<>"",X48-X47,"") -> 28 | Z47: 78 | AA47: =IF(Z48<>"",Z48-Z47,"") -> 0 | AB47: 8522 | AC47: =IF(AB48<>"",AB48-AB47,"") -> 239 | AD47: 6754 | AE47: =IF(AD48<>"",AD48-AD47,"") -> 0 | AF47: 11429 | AG47: =IF(AF48<>"",AF48-AF47,"") -> 0 | AH47: 6071 | AI47: =IF(AH48<>"",AH48-AH47,"") -> 0 | AJ47: =SUM(G47,K47,M47,O47,Q47,S47,U47,W47,Y47,AA47,AC47,AE47,AG47,AI47) -> 559 | AK47: =(E47+I47)-AJ47 -> -296
B48: MON | C48: 45880 | D48: 127150 | E48: =IF(D49<>"",D49-D48,"") -> 2415 | F48: 13753 | G48: =IF(F49<>"",F49-F48,"") -> 1409 | H48: 82 | I48: =IF(H49<>"",H49-H48,"") -> 0 | J48: 21624 | K48: =IF(J49<>"",J49-J48,"") -> 548 | L48: 3087 | M48: =IF(L49<>"",L49-L48,"") -> 69 | N48: 19446 | O48: =IF(N49<>"",N49-N48,"") -> 474 | P48: 5031 | Q48: =IF(P49<>"",P49-P48,"") -> 115 | R48: 38180 | S48: =IF(R49<>"",R49-R48,"") -> 713 | T48: 6578 | U48: =IF(T49<>"",T49-T48,"") -> 140 | V48: 48639 | W48: =IF(V49<>"",V49-V48,"") -> 0 | X48: 25086 | Y48: =IF(X49<>"",X49-X48,"") -> 673 | Z48: 78 | AA48: =IF(Z49<>"",Z49-Z48,"") -> 0 | AB48: 8761 | AC48: =IF(AB49<>"",AB49-AB48,"") -> 211 | AD48: 6754 | AE48: =IF(AD49<>"",AD49-AD48,"") -> 0 | AF48: 11429 | AG48: =IF(AF49<>"",AF49-AF48,"") -> 0 | AH48: 6071 | AI48: =IF(AH49<>"",AH49-AH48,"") -> 954 | AJ48: =SUM(G48,K48,M48,O48,Q48,S48,U48,W48,Y48,AA48,AC48,AE48,AG48,AI48) -> 5306 | AK48: =(E48+I48)-AJ48 -> -2891
B49: TUE | C49: 45881 | D49: 129565 | E49: =IF(D50<>"",D50-D49,"") -> 2097 | F49: 15162 | G49: =IF(F50<>"",F50-F49,"") -> 1517 | H49: 82 | I49: =IF(H50<>"",H50-H49,"") -> 0 | J49: 22172 | K49: =IF(J50<>"",J50-J49,"") -> 535 | L49: 3156 | M49: =IF(L50<>"",L50-L49,"") -> 61 | N49: 19920 | O49: =IF(N50<>"",N50-N49,"") -> 448 | P49: 5146 | Q49: =IF(P50<>"",P50-P49,"") -> 133 | R49: 38893 | S49: =IF(R50<>"",R50-R49,"") -> 679 | T49: 6718 | U49: =IF(T50<>"",T50-T49,"") -> 102 | V49: 48639 | W49: =IF(V50<>"",V50-V49,"") -> 0 | X49: 25759 | Y49: =IF(X50<>"",X50-X49,"") -> 634 | Z49: 78 | AA49: =IF(Z50<>"",Z50-Z49,"") -> 1 | AB49: 8972 | AC49: =IF(AB50<>"",AB50-AB49,"") -> 191 | AD49: 6754 | AE49: =IF(AD50<>"",AD50-AD49,"") -> 0 | AF49: 11429 | AG49: =IF(AF50<>"",AF50-AF49,"") -> 0 | AH49: 7025 | AI49: =IF(AH50<>"",AH50-AH49,"") -> 816 | AJ49: =SUM(G49,K49,M49,O49,Q49,S49,U49,W49,Y49,AA49,AC49,AE49,AG49,AI49) -> 5117 | AK49: =(E49+I49)-AJ49 -> -3020
B50: WED | C50: 45882 | D50: 131662 | E50: =IF(D51<>"",D51-D50,"") -> 5885 | F50: 16679 | G50: =IF(F51<>"",F51-F50,"") -> 1562 | H50: 82 | I50: =IF(H51<>"",H51-H50,"") -> 1 | J50: 22707 | K50: =IF(J51<>"",J51-J50,"") -> 620 | L50: 3217 | M50: =IF(L51<>"",L51-L50,"") -> 86 | N50: 20368 | O50: =IF(N51<>"",N51-N50,"") -> 592 | P50: 5279 | Q50: =IF(P51<>"",P51-P50,"") -> 154 | R50: 39572 | S50: =IF(R51<>"",R51-R50,"") -> 729 | T50: 6820 | U50: =IF(T51<>"",T51-T50,"") -> 126 | V50: 48639 | W50: =IF(V51<>"",V51-V50,"") -> 0 | X50: 26393 | Y50: =IF(X51<>"",X51-X50,"") -> 816 | Z50: 79 | AA50: =IF(Z51<>"",Z51-Z50,"") -> 0 | AB50: 9163 | AC50: =IF(AB51<>"",AB51-AB50,"") -> 142 | AD50: 6754 | AE50: =IF(AD51<>"",AD51-AD50,"") -> 0 | AF50: 11429 | AG50: =IF(AF51<>"",AF51-AF50,"") -> 0 | AH50: 7841 | AI50: =IF(AH51<>"",AH51-AH50,"") -> 781 | AJ50: =SUM(G50,K50,M50,O50,Q50,S50,U50,W50,Y50,AA50,AC50,AE50,AG50,AI50) -> 5608 | AK50: =(E50+I50)-AJ50 -> 278
... B68: SUN | C68: 45900 | D68: 188463 | E68: =IF(D69<>"",D69-D68,"") -> 263 | F68: 41578 | G68: =IF(F69<>"",F69-F68,"") -> 19 | H68: 23890 | I68: =IF(H69<>"",H69-H68,"") -> 940 | J68: 32385 | K68: =IF(J69<>"",J69-J68,"") -> 306 | L68: 5179 | M68: =IF(L69<>"",L69-L68,"") -> 81 | N68: 27112 | O68: =IF(N69<>"",N69-N68,"") -> 38 | P68: 7515 | Q68: =IF(P69<>"",P69-P68,"") -> 16 | R68: 50159 | S68: =IF(R69<>"",R69-R68,"") -> 38 | T68: 9326 | U68: =IF(T69<>"",T69-T68,"") -> 16 | V68: 48639 | W68: =IF(V69<>"",V69-V68,"") -> 0 | X68: 36026 | Y68: =IF(X69<>"",X69-X68,"") -> 23 | Z68: 79 | AA68: =IF(Z69<>"",Z69-Z68,"") -> 0 | AB68: 11769 | AC68: =IF(AB69<>"",AB69-AB68,"") -> 89 | AD68: 6755 | AE68: =IF(AD69<>"",AD69-AD68,"") -> 0 | AF68: 11429 | AG68: =IF(AF69<>"",AF69-AF68,"") -> 0 | AH68: 19945 | AI68: =IF(AH69<>"",AH69-AH68,"") -> 37 | AJ68: =SUM(G68,K68,M68,O68,Q68,S68,U68,W68,Y68,AA68,AC68,AE68,AG68,AI68) -> 663 | AK68: =(E68+I68)-AJ68 -> 540
B69: MON | C69: 45901 | D69: 188726 | F69: 41597 | H69: 24830 | J69: 32691 | L69: 5260 | N69: 27150 | P69: 7531 | R69: 50197 | T69: 9342 | V69: 48639 | X69: 36049 | Z69: 79 | AB69: 11858 | AD69: 6755 | AF69: 11429 | AH69: 19982 | AJ69: =SUM(G69,K69,M69,O69,Q69,S69,U69,W69,Y69,AA69,AC69,AE69,AG69,AI69) -> 0 | AK69: =(E69+I69)-AJ69 -> 0
B70: kWh/Mo TTL | E70: =SUM(E38:E68) -> 80545 | G70: =SUM(G38:G68) -> 36717 | I70: =SUM(I38:I68) -> 24751 | K70: =SUM(K38:K68) -> 15468 | M70: =SUM(M38:M68) -> 2615 | O70: =SUM(O38:O68) -> 27150 | Q70: =SUM(Q38:Q68) -> 7531 | S70: =SUM(S38:S68) -> 18155 | U70: =SUM(U38:U68) -> 9342 | W70: =SUM(W38:W68) -> 147 | Y70: =SUM(Y38:Y68) -> 21726 | AA70: =SUM(AA38:AA68) -> 1 | AC70: =SUM(AC38:AC68) -> 5008 | AE70: =SUM(AE38:AE68) -> 1 | AG70: =SUM(AG38:AG68) -> 0 | AI70: =SUM(AI38:AI68) -> 19982 | AJ70: =SUM(G70,K70,M70,O70,Q70,S70,U70,W70,Y70,AA70,AC70,AE70,AG70,AI70) -> 163843 | AK70: =(E70+I70)-AJ70 -> -58547
B71: MON | C71: 45901 | D71: 188726 | E71: =IF(D72<>"",D72-D71,"") -> 3007 | F71: 41597 | G71: =IF(F72<>"",F72-F71,"") -> 1118 | H71: 24830 | I71: =IF(H72<>"",H72-H71,"") -> 1461 | J71: 32691 | K71: =IF(J72<>"",J72-J71,"") -> 468 | L71: 5260 | M71: =IF(L72<>"",L72-L71,"") -> 100 | N71: 27150 | O71: =IF(N72<>"",N72-N71,"") -> 425 | P71: 7531 | Q71: =IF(P72<>"",P72-P71,"") -> 114 | R71: 50197 | S71: =IF(R72<>"",R72-R71,"") -> 702 | T71: 9342 | U71: =IF(T72<>"",T72-T71,"") -> 147 | V71: 48639 | W71: =IF(V72<>"",V72-V71,"") -> 0 | X71: 36049 | Y71: =IF(X72<>"",X72-X71,"") -> 428 | Z71: 79 | AA71: =IF(Z72<>"",Z72-Z71,"") -> 0 | AB71: 11858 | AC71: =IF(AB72<>"",AB72-AB71,"") -> 95 | AD71: 6755 | AE71: =IF(AD72<>"",AD72-AD71,"") -> 0 | AF71: 11429 | AG71: =IF(AF72<>"",AF72-AF71,"") -> 0 | AH71: 19982 | AI71: =IF(AH72<>"",AH72-AH71,"") -> 667 | AJ71: =SUM(G71,K71,M71,O71,Q71,S71,U71,W71,Y71,AA71,AC71,AE71,AG71,AI71) -> 4264 | AK71: =(E71+I71)-AJ71 -> 204
B72: TUE | C72: 45902 | D72: 191733 | E72: =IF(D73<>"",D73-D72,"") -> 0 | F72: 42715 | G72: =IF(F73<>"",F73-F72,"") -> 1159 | H72: 26291 | I72: =IF(H73<>"",H73-H72,"") -> 1323 | J72: 33159 | K72: =IF(J73<>"",J73-J72,"") -> 509 | L72: 5360 | M72: =IF(L73<>"",L73-L72,"") -> 111 | N72: 27575 | O72: =IF(N73<>"",N73-N72,"") -> 430 | P72: 7645 | Q72: =IF(P73<>"",P73-P72,"") -> 111 | R72: 50899 | S72: =IF(R73<>"",R73-R72,"") -> 668 | T72: 9489 | U72: =IF(T73<>"",T73-T72,"") -> 127 | V72: 48639 | W72: =IF(V73<>"",V73-V72,"") -> 0 | X72: 36477 | Y72: =IF(X73<>"",X73-X72,"") -> 443 | Z72: 79 | AA72: =IF(Z73<>"",Z73-Z72,"") -> 0 | AB72: 11953 | AC72: =IF(AB73<>"",AB73-AB72,"") -> 97 | AD72: 6755 | AE72: =IF(AD73<>"",AD73-AD72,"") -> 0 | AF72: 11429 | AG72: =IF(AF73<>"",AF73-AF72,"") -> 0 | AH72: 20649 | AI72: =IF(AH73<>"",AH73-AH72,"") -> 783 | AJ72: =SUM(G72,K72,M72,O72,Q72,S72,U72,W72,Y72,AA72,AC72,AE72,AG72,AI72) -> 4438 | AK72: =(E72+I72)-AJ72 -> -3115
B73: WED | C73: 45903 | D73: 191733 | E73: =IF(D74<>"",D74-D73,"") -> 0 | F73: 43874 | G73: =IF(F74<>"",F74-F73,"") -> 1179 | H73: 27614 | I73: =IF(H74<>"",H74-H73,"") -> 2022 | J73: 33668 | K73: =IF(J74<>"",J74-J73,"") -> 544 | L73: 5471 | M73: =IF(L74<>"",L74-L73,"") -> 100 | N73: 28005 | O73: =IF(N74<>"",N74-N73,"") -> 374 | P73: 7756 | Q73: =IF(P74<>"",P74-P73,"") -> 109 | R73: 51567 | S73: =IF(R74<>"",R74-R73,"") -> 465 | T73: 9616 | U73: =IF(T74<>"",T74-T73,"") -> 143 | V73: 48639 | W73: =IF(V74<>"",V74-V73,"") -> 0 | X73: 36920 | Y73: =IF(X74<>"",X74-X73,"") -> 410 | Z73: 79 | AA73: =IF(Z74<>"",Z74-Z73,"") -> 0 | AB73: 12050 | AC73: =IF(AB74<>"",AB74-AB73,"") -> 99 | AD73: 6755 | AE73: =IF(AD74<>"",AD74-AD73,"") -> 0 | AF73: 11429 | AG73: =IF(AF74<>"",AF74-AF73,"") -> 0 | AH73: 21432 | AI73: =IF(AH74<>"",AH74-AH73,"") -> 657 | AJ73: =SUM(G73,K73,M73,O73,Q73,S73,U73,W73,Y73,AA73,AC73,AE73,AG73,AI73) -> 4080 | AK73: =(E73+I73)-AJ73 -> -2058
B74: THU | C74: 45904 | D74: 191733 | E74: =IF(D75<>"",D75-D74,"") -> 0 | F74: 45053 | G74: =IF(F75<>"",F75-F74,"") -> 1040 | H74: 29636 | I74: =IF(H75<>"",H75-H74,"") -> 2867 | J74: 34212 | K74: =IF(J75<>"",J75-J74,"") -> 589 | L74: 5571 | M74: =IF(L75<>"",L75-L74,"") -> 135 | N74: 28379 | O74: =IF(N75<>"",N75-N74,"") -> 413 | P74: 7865 | Q74: =IF(P75<>"",P75-P74,"") -> 121 | R74: 52032 | S74: =IF(R75<>"",R75-R74,"") -> 665 | T74: 9759 | U74: =IF(T75<>"",T75-T74,"") -> 153 | V74: 48639 | W74: =IF(V75<>"",V75-V74,"") -> 0 | X74: 37330 | Y74: =IF(X75<>"",X75-X74,"") -> 450 | Z74: 79 | AA74: =IF(Z75<>"",Z75-Z74,"") -> 0 | AB74: 12149 | AC74: =IF(AB75<>"",AB75-AB74,"") -> 118 | AD74: 6755 | AE74: =IF(AD75<>"",AD75-AD74,"") -> 0 | AF74: 11429 | AG74: =IF(AF75<>"",AF75-AF74,"") -> 0 | AH74: 22089 | AI74: =IF(AH75<>"",AH75-AH74,"") -> 687 | AJ74: =SUM(G74,K74,M74,O74,Q74,S74,U74,W74,Y74,AA74,AC74,AE74,AG74,AI74) -> 4371 | AK74: =(E74+I74)-AJ74 -> -1504
B75: FRI | C75: 45905 | D75: 191733 | E75: =IF(D76<>"",D76-D75,"") -> 0 | F75: 46093 | G75: =IF(F76<>"",F76-F75,"") -> 1284 | H75: 32503 | I75: =IF(H76<>"",H76-H75,"") -> 2753 | J75: 34801 | K75: =IF(J76<>"",J76-J75,"") -> 507 | L75: 5706 | M75: =IF(L76<>"",L76-L75,"") -> 128 | N75: 28792 | O75: =IF(N76<>"",N76-N75,"") -> 478 | P75: 7986 | Q75: =IF(P76<>"",P76-P75,"") -> 145 | R75: 52697 | S75: =IF(R76<>"",R76-R75,"") -> 660 | T75: 9912 | U75: =IF(T76<>"",T76-T75,"") -> 165 | V75: 48639 | W75: =IF(V76<>"",V76-V75,"") -> 0 | X75: 37780 | Y75: =IF(X76<>"",X76-X75,"") -> 499 | Z75: 79 | AA75: =IF(Z76<>"",Z76-Z75,"") -> 0 | AB75: 12267 | AC75: =IF(AB76<>"",AB76-AB75,"") -> 130 | AD75: 6755 | AE75: =IF(AD76<>"",AD76-AD75,"") -> 0 | AF75: 11429 | AG75: =IF(AF76<>"",AF76-AF75,"") -> 0 | AH75: 22776 | AI75: =IF(AH76<>"",AH76-AH75,"") -> 720 | AJ75: =SUM(G75,K75,M75,O75,Q75,S75,U75,W75,Y75,AA75,AC75,AE75,AG75,AI75) -> 4716 | AK75: =(E75+I75)-AJ75 -> -1963
B76: SAT | C76: 45906 | D76: 191733 | E76: =IF(D77<>"",D77-D76,"") -> 0 | F76: 47377 | G76: =IF(F77<>"",F77-F76,"") -> 12 | H76: 35256 | I76: =IF(H77<>"",H77-H76,"") -> 488 | J76: 35308 | K76: =IF(J77<>"",J77-J76,"") -> 5 | L76: 5834 | M76: =IF(L77<>"",L77-L76,"") -> 8 | N76: 29270 | O76: =IF(N77<>"",N77-N76,"") -> 20 | P76: 8131 | Q76: =IF(P77<>"",P77-P76,"") -> 13 | R76: 53357 | S76: =IF(R77<>"",R77-R76,"") -> 28 | T76: 10077 | U76: =IF(T77<>"",T77-T76,"") -> 15 | V76: 48639 | W76: =IF(V77<>"",V77-V76,"") -> 0 | X76: 38279 | Y76: =IF(X77<>"",X77-X76,"") -> 50 | Z76: 79 | AA76: =IF(Z77<>"",Z77-Z76,"") -> 0 | AB76: 12397 | AC76: =IF(AB77<>"",AB77-AB76,"") -> 125 | AD76: 6755 | AE76: =IF(AD77<>"",AD77-AD76,"") -> 0 | AF76: 11429 | AG76: =IF(AF77<>"",AF77-AF76,"") -> 0 | AH76: 23496 | AI76: =IF(AH77<>"",AH77-AH76,"") -> 2 | AJ76: =SUM(G76,K76,M76,O76,Q76,S76,U76,W76,Y76,AA76,AC76,AE76,AG76,AI76) -> 278 | AK76: =(E76+I76)-AJ76 -> 210
B77: SUN | C77: 45907 | D77: 191733 | E77: =IF(D78<>"",D78-D77,"") -> 0 | F77: 47389 | G77: =IF(F78<>"",F78-F77,"") -> 16 | H77: 35744 | I77: =IF(H78<>"",H78-H77,"") -> 616 | J77: 35313 | K77: =IF(J78<>"",J78-J77,"") -> 25 | L77: 5842 | M77: =IF(L78<>"",L78-L77,"") -> 14 | N77: 29290 | O77: =IF(N78<>"",N78-N77,"") -> 36 | P77: 8144 | Q77: =IF(P78<>"",P78-P77,"") -> 18 | R77: 53385 | S77: =IF(R78<>"",R78-R77,"") -> 48 | T77: 10092 | U77: =IF(T78<>"",T78-T77,"") -> 17 | V77: 48639 | W77: =IF(V78<>"",V78-V77,"") -> 0 | X77: 38329 | Y77: =IF(X78<>"",X78-X77,"") -> 52 | Z77: 79 | AA77: =IF(Z78<>"",Z78-Z77,"") -> 0 | AB77: 12522 | AC77: =IF(AB78<>"",AB78-AB77,"") -> 122 | AD77: 6755 | AE77: =IF(AD78<>"",AD78-AD77,"") -> 0 | AF77: 11429 | AG77: =IF(AF78<>"",AF78-AF77,"") -> 0 | AH77: 23498 | AI77: =IF(AH78<>"",AH78-AH77,"") -> 3 | AJ77: =SUM(G77,K77,M77,O77,Q77,S77,U77,W77,Y77,AA77,AC77,AE77,AG77,AI77) -> 351 | AK77: =(E77+I77)-AJ77 -> 265
B78: MON | C78: 45908 | D78: 191733 | E78: =IF(D79<>"",D79-D78,"") -> 0 | F78: 47405 | G78: =IF(F79<>"",F79-F78,"") -> 1194 | H78: 36360 | I78: =IF(H79<>"",H79-H78,"") -> 2894 | J78: 35338 | K78: =IF(J79<>"",J79-J78,"") -> 556 | L78: 5856 | M78: =IF(L79<>"",L79-L78,"") -> 149 | N78: 29326 | O78: =IF(N79<>"",N79-N78,"") -> 433 | P78: 8162 | Q78: =IF(P79<>"",P79-P78,"") -> 149 | R78: 53433 | S78: =IF(R79<>"",R79-R78,"") -> 689 | T78: 10109 | U78: =IF(T79<>"",T79-T78,"") -> 170 | V78: 48639 | W78: =IF(V79<>"",V79-V78,"") -> 0 | X78: 38381 | Y78: =IF(X79<>"",X79-X78,"") -> 553 | Z78: 79 | AA78: =IF(Z79<>"",Z79-Z78,"") -> 0 | AB78: 12644 | AC78: =IF(AB79<>"",AB79-AB78,"") -> 152 | AD78: 6755 | AE78: =IF(AD79<>"",AD79-AD78,"") -> 0 | AF78: 11429 | AG78: =IF(AF79<>"",AF79-AF78,"") -> 0 | AH78: 23501 | AI78: =IF(AH79<>"",AH79-AH78,"") -> 859 | AJ78: =SUM(G78,K78,M78,O78,Q78,S78,U78,W78,Y78,AA78,AC78,AE78,AG78,AI78) -> 4904 | AK78: =(E78+I78)-AJ78 -> -2010
B79: TUE | C79: 45909 | D79: 191733 | E79: =IF(D80<>"",D80-D79,"") -> 0 | F79: 48599 | G79: =IF(F80<>"",F80-F79,"") -> 1556 | H79: 39254 | I79: =IF(H80<>"",H80-H79,"") -> 3267 | J79: 35894 | K79: =IF(J80<>"",J80-J79,"") -> 539 | L79: 6005 | M79: =IF(L80<>"",L80-L79,"") -> 146 | N79: 29759 | O79: =IF(N80<>"",N80-N79,"") -> 408 | P79: 8311 | Q79: =IF(P80<>"",P80-P79,"") -> 136 | R79: 54122 | S79: =IF(R80<>"",R80-R79,"") -> 702 | T79: 10279 | U79: =IF(T80<>"",T80-T79,"") -> 157 | V79: 48639 | W79: =IF(V80<>"",V80-V79,"") -> 0 | X79: 38934 | Y79: =IF(X80<>"",X80-X79,"") -> 557 | Z79: 79 | AA79: =IF(Z80<>"",Z80-Z79,"") -> 0 | AB79: 12796 | AC79: =IF(AB80<>"",AB80-AB79,"") -> 143 | AD79: 6755 | AE79: =IF(AD80<>"",AD80-AD79,"") -> 0 | AF79: 11429 | AG79: =IF(AF80<>"",AF80-AF79,"") -> 0 | AH79: 24360 | AI79: =IF(AH80<>"",AH80-AH79,"") -> 936 | AJ79: =SUM(G79,K79,M79,O79,Q79,S79,U79,W79,Y79,AA79,AC79,AE79,AG79,AI79) -> 5280 | AK79: =(E79+I79)-AJ79 -> -2013
B80: WED | C80: 45910 | D80: 191733 | E80: =IF(D81<>"",D81-D80,"") -> 0 | F80: 50155 | G80: =IF(F81<>"",F81-F80,"") -> 1516 | H80: 42521 | I80: =IF(H81<>"",H81-H80,"") -> 3535 | J80: 36433 | K80: =IF(J81<>"",J81-J80,"") -> 549 | L80: 6151 | M80: =IF(L81<>"",L81-L80,"") -> 192 | N80: 30167 | O80: =IF(N81<>"",N81-N80,"") -> 403 | P80: 8447 | Q80: =IF(P81<>"",P81-P80,"") -> 135 | R80: 54824 | S80: =IF(R81<>"",R81-R80,"") -> 661 | T80: 10436 | U80: =IF(T81<>"",T81-T80,"") -> 177 | V80: 48639 | W80: =IF(V81<>"",V81-V80,"") -> 0 | X80: 39491 | Y80: =IF(X81<>"",X81-X80,"") -> 546 | Z80: 79 | AA80: =IF(Z81<>"",Z81-Z80,"") -> 0 | AB80: 12939 | AC80: =IF(AB81<>"",AB81-AB80,"") -> 158 | AD80: 6755 | AE80: =IF(AD81<>"",AD81-AD80,"") -> 0 | AF80: 11429 | AG80: =IF(AF81<>"",AF81-AF80,"") -> 0 | AH80: 25296 | AI80: =IF(AH81<>"",AH81-AH80,"") -> 930 | AJ80: =SUM(G80,K80,M80,O80,Q80,S80,U80,W80,Y80,AA80,AC80,AE80,AG80,AI80) -> 5267 | AK80: =(E80+I80)-AJ80 -> -1732
B81: THU | C81: 45911 | D81: 191733 | E81: =IF(D82<>"",D82-D81,"") -> 0 | F81: 51671 | G81: =IF(F82<>"",F82-F81,"") -> 1140 | H81: 46056 | I81: =IF(H82<>"",H82-H81,"") -> 3533 | J81: 36982 | K81: =IF(J82<>"",J82-J81,"") -> 556 | L81: 6343 | M81: =IF(L82<>"",L82-L81,"") -> 187 | N81: 30570 | O81: =IF(N82<>"",N82-N81,"") -> 444 | P81: 8582 | Q81: =IF(P82<>"",P82-P81,"") -> 149 | R81: 55485 | S81: =IF(R82<>"",R82-R81,"") -> 700 | T81: 10613 | U81: =IF(T82<>"",T82-T81,"") -> 179 | V81: 48639 | W81: =IF(V82<>"",V82-V81,"") -> 0 | X81: 40037 | Y81: =IF(X82<>"",X82-X81,"") -> 592 | Z81: 79 | AA81: =IF(Z82<>"",Z82-Z81,"") -> 0 | AB81: 13097 | AC81: =IF(AB82<>"",AB82-AB81,"") -> 155 | AD81: 6755 | AE81: =IF(AD82<>"",AD82-AD81,"") -> 0 | AF81: 11429 | AG81: =IF(AF82<>"",AF82-AF81,"") -> 0 | AH81: 26226 | AI81: =IF(AH82<>"",AH82-AH81,"") -> 901 | AJ81: =SUM(G81,K81,M81,O81,Q81,S81,U81,W81,Y81,AA81,AC81,AE81,AG81,AI81) -> 5003 | AK81: =(E81+I81)-AJ81 -> -1470
B82: FRI | C82: 45912 | D82: 191733 | E82: =IF(D83<>"",D83-D82,"") -> 0 | F82: 52811 | G82: =IF(F83<>"",F83-F82,"") -> 1469 | H82: 49589 | I82: =IF(H83<>"",H83-H82,"") -> 3191 | J82: 37538 | K82: =IF(J83<>"",J83-J82,"") -> 539 | L82: 6530 | M82: =IF(L83<>"",L83-L82,"") -> 180 | N82: 31014 | O82: =IF(N83<>"",N83-N82,"") -> 464 | P82: 8731 | Q82: =IF(P83<>"",P83-P82,"") -> 152 | R82: 56185 | S82: =IF(R83<>"",R83-R82,"") -> 703 | T82: 10792 | U82: =IF(T83<>"",T83-T82,"") -> 169 | V82: 48639 | W82: =IF(V83<>"",V83-V82,"") -> 0 | X82: 40629 | Y82: =IF(X83<>"",X83-X82,"") -> 584 | Z82: 79 | AA82: =IF(Z83<>"",Z83-Z82,"") -> 1 | AB82: 13252 | AC82: =IF(AB83<>"",AB83-AB82,"") -> 165 | AD82: 6755 | AE82: =IF(AD83<>"",AD83-AD82,"") -> 0 | AF82: 11429 | AG82: =IF(AF83<>"",AF83-AF82,"") -> 0 | AH82: 27127 | AI82: =IF(AH83<>"",AH83-AH82,"") -> 969 | AJ82: =SUM(G82,K82,M82,O82,Q82,S82,U82,W82,Y82,AA82,AC82,AE82,AG82,AI82) -> 5395 | AK82: =(E82+I82)-AJ82 -> -2204
... B101: WED | C101: 45931 | D101: 191733 | E101: =IF(D102<>"",D102-D101,"") | F101: 82321 | G101: =IF(F102<>"",F102-F101,"") | H101: 101815 | I101: =IF(H102<>"",H102-H101,"") | J101: 48170 | K101: =IF(J102<>"",J102-J101,"") | L101: 9458 | M101: =IF(L102<>"",L102-L101,"") | N101: 39056 | O101: =IF(N102<>"",N102-N101,"") | P101: 11774 | Q101: =IF(P102<>"",P102-P101,"") | R101: 68234 | S101: =IF(R102<>"",R102-R101,"") | T101: 13865 | U101: =IF(T102<>"",T102-T101,"") | V101: 48639 | W101: =IF(V102<>"",V102-V101,"") | X101: 52205 | Y101: =IF(X102<>"",X102-X101,"") | Z101: 80 | AA101: =IF(Z102<>"",Z102-Z101,"") | AB101: 16636 | AC101: =IF(AB102<>"",AB102-AB101,"") | AD101: 6755 | AE101: =IF(AD102<>"",AD102-AD101,"") | AF101: 11429 | AG101: =IF(AF102<>"",AF102-AF101,"") | AH101: 44848 | AI101: =IF(AH102<>"",AH102-AH101,"") | AJ101: =SUM(G101,K101,M101,O101,Q101,S101,U101,W101,Y101,AA101,AC101,AE101,AG101,AI101) -> 0 | AK101: =(E101+I101)-AJ101 -> #VALUE!
B102: kWh/Mo TTL | E102: =SUM(E71:E100) -> 3007 | G102: =SUM(G71:G100) -> 40724 | I102: =SUM(I71:I100) -> 76985 | K102: =SUM(K71:K100) -> 15479 | M102: =SUM(M71:M100) -> 4198 | O102: =SUM(O71:O100) -> 11906 | Q102: =SUM(Q71:Q100) -> 4243 | S102: =SUM(S71:S100) -> 18037 | U102: =SUM(U71:U100) -> 4523 | W102: =SUM(W71:W100) -> 0 | Y102: =SUM(Y71:Y100) -> 16156 | AA102: =SUM(AA71:AA100) -> 1 | AC102: =SUM(AC71:AC100) -> 4778 | AE102: =SUM(AE71:AE100) -> 0 | AG102: =SUM(AG71:AG100) -> 0 | AI102: =SUM(AI71:AI100) -> 24866 | AJ102: =SUM(G102,K102,M102,O102,Q102,S102,U102,W102,Y102,AA102,AC102,AE102,AG102,AI102) -> 144911 | AK102: =(E102+I102)-AJ102 -> -64919
B103: WED | C103: 45931 | D103: 271343 | E103: =IF(D104<>"",D104-D103,"") -> 4416 | F103: 82321 | G103: =IF(F104<>"",F104-F103,"") -> 2033 | H103: 101815 | I103: =IF(H104<>"",H104-H103,"") -> 2272 | J103: 48170 | K103: =IF(J104<>"",J104-J103,"") -> 571 | L103: 9458 | M103: =IF(L104<>"",L104-L103,"") -> 181 | N103: 39056 | O103: =IF(N104<>"",N104-N103,"") -> 492 | P103: 11774 | Q103: =IF(P104<>"",P104-P103,"") -> 172 | R103: 68234 | S103: =IF(R104<>"",R104-R103,"") -> 738 | T103: 13865 | U103: =IF(T104<>"",T104-T103,"") -> 211 | V103: 48639 | W103: =IF(V104<>"",V104-V103,"") -> 0 | X103: 52205 | Y103: =IF(X104<>"",X104-X103,"") -> 784 | Z103: 80 | AA103: =IF(Z104<>"",Z104-Z103,"") -> 0 | AB103: 16636 | AC103: =IF(AB104<>"",AB104-AB103,"") -> 213 | AD103: 6755 | AE103: =IF(AD104<>"",AD104-AD103,"") -> 0 | AF103: 11429 | AG103: =IF(AF104<>"",AF104-AF103,"") -> 0 | AH103: 44848 | AI103: =IF(AH104<>"",AH104-AH103,"") -> 999 | AJ103: =SUM(G103,K103,M103,O103,Q103,S103,U103,W103,Y103,AA103,AC103,AE103,AG103,AI103) -> 6394 | AK103: =(E103+I103)-AJ103 -> 294
B104: THU | C104: 45932 | D104: 275759 | E104: =IF(D105<>"",D105-D104,"") -> 5082 | F104: 84354 | G104: =IF(F105<>"",F105-F104,"") -> 2197 | H104: 104087 | I104: =IF(H105<>"",H105-H104,"") -> 2463 | J104: 48741 | K104: =IF(J105<>"",J105-J104,"") -> 660 | L104: 9639 | M104: =IF(L105<>"",L105-L104,"") -> 200 | N104: 39548 | O104: =IF(N105<>"",N105-N104,"") -> 518 | P104: 11946 | Q104: =IF(P105<>"",P105-P104,"") -> 206 | R104: 68972 | S104: =IF(R105<>"",R105-R104,"") -> 824 | T104: 14076 | U104: =IF(T105<>"",T105-T104,"") -> 234 | V104: 48639 | W104: =IF(V105<>"",V105-V104,"") -> 0 | X104: 52989 | Y104: =IF(X105<>"",X105-X104,"") -> 892 | Z104: 80 | AA104: =IF(Z105<>"",Z105-Z104,"") -> 0 | AB104: 16849 | AC104: =IF(AB105<>"",AB105-AB104,"") -> 224 | AD104: 6755 | AE104: =IF(AD105<>"",AD105-AD104,"") -> 0 | AF104: 11429 | AG104: =IF(AF105<>"",AF105-AF104,"") -> 0 | AH104: 45847 | AI104: =IF(AH105<>"",AH105-AH104,"") -> 1242 | AJ104: =SUM(G104,K104,M104,O104,Q104,S104,U104,W104,Y104,AA104,AC104,AE104,AG104,AI104) -> 7197 | AK104: =(E104+I104)-AJ104 -> 348
B105: FRI | C105: 45933 | D105: 280841 | E105: =IF(D106<>"",D106-D105,"") -> 4277 | F105: 86551 | G105: =IF(F106<>"",F106-F105,"") -> 2382 | H105: 106550 | I105: =IF(H106<>"",H106-H105,"") -> 2575 | J105: 49401 | K105: =IF(J106<>"",J106-J105,"") -> 563 | L105: 9839 | M105: =IF(L106<>"",L106-L105,"") -> 158 | N105: 40066 | O105: =IF(N106<>"",N106-N105,"") -> 312 | P105: 12152 | Q105: =IF(P106<>"",P106-P105,"") -> 181 | R105: 69796 | S105: =IF(R106<>"",R106-R105,"") -> 649 | T105: 14310 | U105: =IF(T106<>"",T106-T105,"") -> 197 | V105: 48639 | W105: =IF(V106<>"",V106-V105,"") -> 0 | X105: 53881 | Y105: =IF(X106<>"",X106-X105,"") -> 752 | Z105: 80 | AA105: =IF(Z106<>"",Z106-Z105,"") -> 0 | AB105: 17073 | AC105: =IF(AB106<>"",AB106-AB105,"") -> 206 | AD105: 6755 | AE105: =IF(AD106<>"",AD106-AD105,"") -> 0 | AF105: 11429 | AG105: =IF(AF106<>"",AF106-AF105,"") -> 0 | AH105: 47089 | AI105: =IF(AH106<>"",AH106-AH105,"") -> 1094 | AJ105: =SUM(G105,K105,M105,O105,Q105,S105,U105,W105,Y105,AA105,AC105,AE105,AG105,AI105) -> 6494 | AK105: =(E105+I105)-AJ105 -> 358
B106: SAT | C106: 45934 | D106: 285118 | E106: =IF(D107<>"",D107-D106,"") -> 3942 | F106: 88933 | G106: =IF(F107<>"",F107-F106,"") -> 2303 | H106: 109125 | I106: =IF(H107<>"",H107-H106,"") -> 2846 | J106: 49964 | K106: =IF(J107<>"",J107-J106,"") -> 568 | L106: 9997 | M106: =IF(L107<>"",L107-L106,"") -> 161 | N106: 40378 | O106: =IF(N107<>"",N107-N106,"") -> 289 | P106: 12333 | Q106: =IF(P107<>"",P107-P106,"") -> 170 | R106: 70445 | S106: =IF(R107<>"",R107-R106,"") -> 688 | T106: 14507 | U106: =IF(T107<>"",T107-T106,"") -> 196 | V106: 48639 | W106: =IF(V107<>"",V107-V106,"") -> 0 | X106: 54633 | Y106: =IF(X107<>"",X107-X106,"") -> 711 | Z106: 80 | AA106: =IF(Z107<>"",Z107-Z106,"") -> 0 | AB106: 17279 | AC106: =IF(AB107<>"",AB107-AB106,"") -> 196 | AD106: 6755 | AE106: =IF(AD107<>"",AD107-AD106,"") -> 0 | AF106: 11429 | AG106: =IF(AF107<>"",AF107-AF106,"") -> 0 | AH106: 48183 | AI106: =IF(AH107<>"",AH107-AH106,"") -> 982 | AJ106: =SUM(G106,K106,M106,O106,Q106,S106,U106,W106,Y106,AA106,AC106,AE106,AG106,AI106) -> 6264 | AK106: =(E106+I106)-AJ106 -> 524
B107: SUN | C107: 45935 | D107: 289060 | E107: =IF(D108<>"",D108-D107,"") -> 640 | F107: 91236 | G107: =IF(F108<>"",F108-F107,"") -> 127 | H107: 111971 | I107: =IF(H108<>"",H108-H107,"") -> 0 | J107: 50532 | K107: =IF(J108<>"",J108-J107,"") -> 28 | L107: 10158 | M107: =IF(L108<>"",L108-L107,"") -> 15 | N107: 40667 | O107: =IF(N108<>"",N108-N107,"") -> 35 | P107: 12503 | Q107: =IF(P108<>"",P108-P107,"") -> 28 | R107: 71133 | S107: =IF(R108<>"",R108-R107,"") -> 49 | T107: 14703 | U107: =IF(T108<>"",T108-T107,"") -> 11 | V107: 48639 | W107: =IF(V108<>"",V108-V107,"") -> 0 | X107: 55344 | Y107: =IF(X108<>"",X108-X107,"") -> 109 | Z107: 80 | AA107: =IF(Z108<>"",Z108-Z107,"") -> 0 | AB107: 17475 | AC107: =IF(AB108<>"",AB108-AB107,"") -> 125 | AD107: 6755 | AE107: =IF(AD108<>"",AD108-AD107,"") -> 0 | AF107: 11429 | AG107: =IF(AF108<>"",AF108-AF107,"") -> 0 | AH107: 49165 | AI107: =IF(AH108<>"",AH108-AH107,"") -> 75 | AJ107: =SUM(G107,K107,M107,O107,Q107,S107,U107,W107,Y107,AA107,AC107,AE107,AG107,AI107) -> 602 | AK107: =(E107+I107)-AJ107 -> 38
B108: MON | C108: 45936 | D108: 289700 | E108: =IF(D109<>"",D109-D108,"") -> 5323 | F108: 91363 | G108: =IF(F109<>"",F109-F108,"") -> 1878 | H108: 111971 | I108: =IF(H109<>"",H109-H108,"") -> 145 | J108: 50560 | K108: =IF(J109<>"",J109-J108,"") -> 562 | L108: 10173 | M108: =IF(L109<>"",L109-L108,"") -> 142 | N108: 40702 | O108: =IF(N109<>"",N109-N108,"") -> 293 | P108: 12531 | Q108: =IF(P109<>"",P109-P108,"") -> 136 | R108: 71182 | S108: =IF(R109<>"",R109-R108,"") -> 551 | T108: 14714 | U108: =IF(T109<>"",T109-T108,"") -> 169 | V108: 48639 | W108: =IF(V109<>"",V109-V108,"") -> 0 | X108: 55453 | Y108: =IF(X109<>"",X109-X108,"") -> 481 | Z108: 80 | AA108: =IF(Z109<>"",Z109-Z108,"") -> 0 | AB108: 17600 | AC108: =IF(AB109<>"",AB109-AB108,"") -> 135 | AD108: 6755 | AE108: =IF(AD109<>"",AD109-AD108,"") -> 0 | AF108: 11429 | AG108: =IF(AF109<>"",AF109-AF108,"") -> 0 | AH108: 49240 | AI108: =IF(AH109<>"",AH109-AH108,"") -> 1027 | AJ108: =SUM(G108,K108,M108,O108,Q108,S108,U108,W108,Y108,AA108,AC108,AE108,AG108,AI108) -> 5374 | AK108: =(E108+I108)-AJ108 -> 94
B109: TUE | C109: 45937 | D109: 295023 | E109: =IF(D110<>"",D110-D109,"") -> 3788 | F109: 93241 | G109: =IF(F110<>"",F110-F109,"") -> 2155 | H109: 112116 | I109: =IF(H110<>"",H110-H109,"") -> 2359 | J109: 51122 | K109: =IF(J110<>"",J110-J109,"") -> 579 | L109: 10315 | M109: =IF(L110<>"",L110-L109,"") -> 147 | N109: 40995 | O109: =IF(N110<>"",N110-N109,"") -> 388 | P109: 12667 | Q109: =IF(P110<>"",P110-P109,"") -> 150 | R109: 71733 | S109: =IF(R110<>"",R110-R109,"") -> 524 | T109: 14883 | U109: =IF(T110<>"",T110-T109,"") -> 153 | V109: 48639 | W109: =IF(V110<>"",V110-V109,"") -> 0 | X109: 55934 | Y109: =IF(X110<>"",X110-X109,"") -> 452 | Z109: 80 | AA109: =IF(Z110<>"",Z110-Z109,"") -> 1 | AB109: 17735 | AC109: =IF(AB110<>"",AB110-AB109,"") -> 152 | AD109: 6755 | AE109: =IF(AD110<>"",AD110-AD109,"") -> 0 | AF109: 11429 | AG109: =IF(AF110<>"",AF110-AF109,"") -> 0 | AH109: 50267 | AI109: =IF(AH110<>"",AH110-AH109,"") -> 1141 | AJ109: =SUM(G109,K109,M109,O109,Q109,S109,U109,W109,Y109,AA109,AC109,AE109,AG109,AI109) -> 5842 | AK109: =(E109+I109)-AJ109 -> 305
B110: WED | C110: 45938 | D110: 298811 | E110: =IF(D111<>"",D111-D110,"") -> 3162 | F110: 95396 | G110: =IF(F111<>"",F111-F110,"") -> 2093 | H110: 114475 | I110: =IF(H111<>"",H111-H110,"") -> 3197 | J110: 51701 | K110: =IF(J111<>"",J111-J110,"") -> 573 | L110: 10462 | M110: =IF(L111<>"",L111-L110,"") -> 141 | N110: 41383 | O110: =IF(N111<>"",N111-N110,"") -> 438 | P110: 12817 | Q110: =IF(P111<>"",P111-P110,"") -> 154 | R110: 72257 | S110: =IF(R111<>"",R111-R110,"") -> 530 | T110: 15036 | U110: =IF(T111<>"",T111-T110,"") -> 141 | V110: 48639 | W110: =IF(V111<>"",V111-V110,"") -> 0 | X110: 56386 | Y110: =IF(X111<>"",X111-X110,"") -> 381 | Z110: 81 | AA110: =IF(Z111<>"",Z111-Z110,"") -> 0 | AB110: 17887 | AC110: =IF(AB111<>"",AB111-AB110,"") -> 182 | AD110: 6755 | AE110: =IF(AD111<>"",AD111-AD110,"") -> 0 | AF110: 11429 | AG110: =IF(AF111<>"",AF111-AF110,"") -> 0 | AH110: 51408 | AI110: =IF(AH111<>"",AH111-AH110,"") -> 1215 | AJ110: =SUM(G110,K110,M110,O110,Q110,S110,U110,W110,Y110,AA110,AC110,AE110,AG110,AI110) -> 5848 | AK110: =(E110+I110)-AJ110 -> 511
B111: THU | C111: 45939 | D111: 301973 | E111: =IF(D112<>"",D112-D111,"") -> 3223 | F111: 97489 | G111: =IF(F112<>"",F112-F111,"") -> 2308 | H111: 117672 | I111: =IF(H112<>"",H112-H111,"") -> 3326 | J111: 52274 | K111: =IF(J112<>"",J112-J111,"") -> 549 | L111: 10603 | M111: =IF(L112<>"",L112-L111,"") -> 139 | N111: 41821 | O111: =IF(N112<>"",N112-N111,"") -> 438 | P111: 12971 | Q111: =IF(P112<>"",P112-P111,"") -> 153 | R111: 72787 | S111: =IF(R112<>"",R112-R111,"") -> 555 | T111: 15177 | U111: =IF(T112<>"",T112-T111,"") -> 145 | V111: 48639 | W111: =IF(V112<>"",V112-V111,"") -> 0 | X111: 56767 | Y111: =IF(X112<>"",X112-X111,"") -> 457 | Z111: 81 | AA111: =IF(Z112<>"",Z112-Z111,"") -> 0 | AB111: 18069 | AC111: =IF(AB112<>"",AB112-AB111,"") -> 181 | AD111: 6755 | AE111: =IF(AD112<>"",AD112-AD111,"") -> 0 | AF111: 11429 | AG111: =IF(AF112<>"",AF112-AF111,"") -> 0 | AH111: 52623 | AI111: =IF(AH112<>"",AH112-AH111,"") -> 1223 | AJ111: =SUM(G111,K111,M111,O111,Q111,S111,U111,W111,Y111,AA111,AC111,AE111,AG111,AI111) -> 6148 | AK111: =(E111+I111)-AJ111 -> 401
B112: FRI | C112: 45940 | D112: 305196 | E112: =IF(D113<>"",D113-D112,"") -> 3262 | F112: 99797 | G112: =IF(F113<>"",F113-F112,"") -> 2158 | H112: 120998 | I112: =IF(H113<>"",H113-H112,"") -> 3003 | J112: 52823 | K112: =IF(J113<>"",J113-J112,"") -> 447 | L112: 10742 | M112: =IF(L113<>"",L113-L112,"") -> 160 | N112: 42259 | O112: =IF(N113<>"",N113-N112,"") -> 284 | P112: 13124 | Q112: =IF(P113<>"",P113-P112,"") -> 138 | R112: 73342 | S112: =IF(R113<>"",R113-R112,"") -> 582 | T112: 15322 | U112: =IF(T113<>"",T113-T112,"") -> 173 | V112: 48639 | W112: =IF(V113<>"",V113-V112,"") -> 0 | X112: 57224 | Y112: =IF(X113<>"",X113-X112,"") -> 514 | Z112: 81 | AA112: =IF(Z113<>"",Z113-Z112,"") -> 0 | AB112: 18250 | AC112: =IF(AB113<>"",AB113-AB112,"") -> 191 | AD112: 6755 | AE112: =IF(AD113<>"",AD113-AD112,"") -> 0 | AF112: 11429 | AG112: =IF(AF113<>"",AF113-AF112,"") -> 0 | AH112: 53846 | AI112: =IF(AH113<>"",AH113-AH112,"") -> 1257 | AJ112: =SUM(G112,K112,M112,O112,Q112,S112,U112,W112,Y112,AA112,AC112,AE112,AG112,AI112) -> 5904 | AK112: =(E112+I112)-AJ112 -> 361
B113: SAT | C113: 45941 | D113: 308458 | E113: =IF(D114<>"",D114-D113,"") -> 3178 | F113: 101955 | G113: =IF(F114<>"",F114-F113,"") -> 2140 | H113: 124001 | I113: =IF(H114<>"",H114-H113,"") -> 3150 | J113: 53270 | K113: =IF(J114<>"",J114-J113,"") -> 475 | L113: 10902 | M113: =IF(L114<>"",L114-L113,"") -> 136 | N113: 42543 | O113: =IF(N114<>"",N114-N113,"") -> 294 | P113: 13262 | Q113: =IF(P114<>"",P114-P113,"") -> 131 | R113: 73924 | S113: =IF(R114<>"",R114-R113,"") -> 577 | T113: 15495 | U113: =IF(T114<>"",T114-T113,"") -> 193 | V113: 48639 | W113: =IF(V114<>"",V114-V113,"") -> 0 | X113: 57738 | Y113: =IF(X114<>"",X114-X113,"") -> 499 | Z113: 81 | AA113: =IF(Z114<>"",Z114-Z113,"") -> 0 | AB113: 18441 | AC113: =IF(AB114<>"",AB114-AB113,"") -> 196 | AD113: 6755 | AE113: =IF(AD114<>"",AD114-AD113,"") -> 0 | AF113: 11429 | AG113: =IF(AF114<>"",AF114-AF113,"") -> 0 | AH113: 55103 | AI113: =IF(AH114<>"",AH114-AH113,"") -> 1256 | AJ113: =SUM(G113,K113,M113,O113,Q113,S113,U113,W113,Y113,AA113,AC113,AE113,AG113,AI113) -> 5897 | AK113: =(E113+I113)-AJ113 -> 431
B114: SUN | C114: 45942 | D114: 311636 | E114: =IF(D115<>"",D115-D114,"") -> 253 | F114: 104095 | G114: =IF(F115<>"",F115-F114,"") -> 195 | H114: 127151 | I114: =IF(H115<>"",H115-H114,"") -> 1311 | J114: 53745 | K114: =IF(J115<>"",J115-J114,"") -> 62 | L114: 11038 | M114: =IF(L115<>"",L115-L114,"") -> 8 | N114: 42837 | O114: =IF(N115<>"",N115-N114,"") -> 5 | P114: 13393 | Q114: =IF(P115<>"",P115-P114,"") -> 9 | R114: 74501 | S114: =IF(R115<>"",R115-R114,"") -> 7 | T114: 15688 | U114: =IF(T115<>"",T115-T114,"") -> 2 | V114: 48639 | W114: =IF(V115<>"",V115-V114,"") -> 0 | X114: 58237 | Y114: =IF(X115<>"",X115-X114,"") -> 70 | Z114: 81 | AA114: =IF(Z115<>"",Z115-Z114,"") -> 0 | AB114: 18637 | AC114: =IF(AB115<>"",AB115-AB114,"") -> 172 | AD114: 6755 | AE114: =IF(AD115<>"",AD115-AD114,"") -> 0 | AF114: 11429 | AG114: =IF(AF115<>"",AF115-AF114,"") -> 0 | AH114: 56359 | AI114: =IF(AH115<>"",AH115-AH114,"") -> 13 | AJ114: =SUM(G114,K114,M114,O114,Q114,S114,U114,W114,Y114,AA114,AC114,AE114,AG114,AI114) -> 543 | AK114: =(E114+I114)-AJ114 -> 1021
... B134: SAT | C134: 45962 | D134: 395263 | E134: =IF(D135<>"",D135-D134,"") | F134: 150787 | G134: =IF(F135<>"",F135-F134,"") | H134: 170607 | I134: =IF(H135<>"",H135-H134,"") | J134: 64523 | K134: =IF(J135<>"",J135-J134,"") | L134: 13682 | M134: =IF(L135<>"",L135-L134,"") | N134: 47846 | O134: =IF(N135<>"",N135-N134,"") | P134: 15688 | Q134: =IF(P135<>"",P135-P134,"") | R134: 84593 | S134: =IF(R135<>"",R135-R134,"") | T134: 19078 | U134: =IF(T135<>"",T135-T134,"") | V134: 48639 | W134: =IF(V135<>"",V135-V134,"") | X134: 69464 | Y134: =IF(X135<>"",X135-X134,"") | Z134: 81 | AA134: =IF(Z135<>"",Z135-Z134,"") | AB134: 21760 | AC134: =IF(AB135<>"",AB135-AB134,"") | AD134: 6755 | AE134: =IF(AD135<>"",AD135-AD134,"") | AF134: 11429 | AG134: =IF(AF135<>"",AF135-AF134,"") | AH134: 81554 | AI134: =IF(AH135<>"",AH135-AH134,"") | AJ134: =SUM(G134,K134,M134,O134,Q134,S134,U134,W134,Y134,AA134,AC134,AE134,AG134,AI134) -> 0 | AK134: =(E134+I134)-AJ134 -> #VALUE!
B135: SBSTN kWh/Mo TTL | E135: =SUM(E103:E133) -> 123920 | G135: =SUM(G103:G134) -> 68466 | I135: =SUM(I103:I133) -> 68792 | K135: =SUM(K103:K133) -> 16353 | M135: =SUM(M103:M133) -> 4224 | O135: =SUM(O103:O133) -> 8790 | Q135: =SUM(Q103:Q133) -> 3914 | S135: =SUM(S103:S133) -> 16359 | U135: =SUM(U103:U133) -> 5213 | W135: =SUM(W104:W133) -> 0 | Y135: =SUM(Y103:Y133) -> 17259 | AA135: =SUM(AA104:AA133) -> 1 | AC135: =SUM(AC103:AC133) -> 5124 | AE135: =SUM(AE104:AE133) -> 0 | AG135: =SUM(AG104:AG133) -> 0 | AI135: =SUM(AI103:AI133) -> 36706 | AJ135: =SUM(G135,K135,M135,O135,Q135,S135,U135,W135,Y135,AA135,AC135,AE135,AG135,AI135) -> 182409 | AK135: =(E135+I135)-AJ135 -> 10303
B136: LT Distribution Main TTL | E136: =G136+K136+M136+O136+Q136+S136+U136+Y136 -> 147440 | G136: ='LT-Wshng'!E135 -> 68413 | I136: =I135 -> 68792 | K136: ='LT GF'!D135 -> 16266 | M136: ='LT GF'!P135 -> 6701 | O136: ='LT FF'!D135 -> 8676 | Q136: ='LT FF'!P135 -> 5665 | S136: ='LT 2F'!D135 -> 16235 | U136: ='LT 2F'!P135 -> 8252 | W136: =W135 -> 0 | Y136: ='LT-Wshng'!U135 -> 17232 | AA136: =AA135 -> 1 | AC136: =AC135 -> 5124 | AI136: =AI135 -> 36706 | AJ136: =SUM(G136,K136,M136,O136,Q136,S136,U136,W136,Y136,AA136,AC136,AE136,AG136,AI136) -> 189271 | AK136: =(E136+I136)-AJ136 -> 26961
B137: Diff | E137: =E135-E136 -> -23520 | G137: =G135-G136 -> 53 | I137: =I135-I136 -> 0 | K137: =K135-K136 -> 87 | M137: =M135-M136 -> -2477 | O137: =O135-O136 -> 114 | Q137: =Q135-Q136 -> -1751 | S137: =S135-S136 -> 124 | U137: =U135-U136 -> -3039 | Y137: =Y135-Y136 -> 27 | AA137: =AA135-AA136 -> 0 | AC137: =AC135-AC136 -> 0 | AE137: =AE135-AE136 -> 0 | AG137: =AG135-AG136 -> 0 | AI137: =AI135-AI136 -> 0 | AJ137: =AJ135-AJ136 -> -6862 | AK137: =AK135-AK136 -> -16658
B138: SAT | C138: 45962 | D138: 395263 | E138: =IF(D139<>"",D139-D138,"") -> 3058 | F138: 150787 | G138: =IF(F139<>"",F139-F138,"") -> 1899 | H138: 170607 | I138: =IF(H139<>"",H139-H138,"") -> 2730 | J138: 64523 | K138: =IF(J139<>"",J139-J138,"") -> 490 | L138: 13682 | M138: =IF(L139<>"",L139-L138,"") -> 131 | N138: 47846 | O138: =IF(N139<>"",N139-N138,"") -> 175 | P138: 15688 | Q138: =IF(P139<>"",P139-P138,"") -> 107 | R138: 84593 | S138: =IF(R139<>"",R139-R138,"") -> 521 | T138: 19078 | U138: =IF(T139<>"",T139-T138,"") -> 143 | V138: 48639 | W138: =IF(V139<>"",V139-V138,"") -> 0 | X138: 69464 | Y138: =IF(X139<>"",X139-X138,"") -> 540 | Z138: 81 | AA138: =IF(Z139<>"",Z139-Z138,"") -> 0 | AB138: 21760 | AC138: =IF(AB139<>"",AB139-AB138,"") -> 138 | AD138: 6755 | AE138: =IF(AD139<>"",AD139-AD138,"") -> 0 | AF138: 11429 | AG138: =IF(AF139<>"",AF139-AF138,"") -> 0 | AH138: 81554 | AI138: =IF(AH139<>"",AH139-AH138,"") -> 916 | AJ138: =SUM(G138,K138,M138,O138,Q138,S138,U138,W138,Y138,AA138,AC138,AE138,AG138,AI138) -> 5060 | AK138: =(E138+I138)-AJ138 -> 728
B139: SUN | C139: 45963 | D139: 398321 | E139: =IF(D140<>"",D140-D139,"") -> 191 | F139: 152686 | G139: =IF(F140<>"",F140-F139,"") -> 16 | H139: 173337 | I139: =IF(H140<>"",H140-H139,"") -> 671 | J139: 65013 | K139: =IF(J140<>"",J140-J139,"") -> 46 | L139: 13813 | M139: =IF(L140<>"",L140-L139,"") -> 14 | N139: 48021 | O139: =IF(N140<>"",N140-N139,"") -> 36 | P139: 15795 | Q139: =IF(P140<>"",P140-P139,"") -> 28 | R139: 85114 | S139: =IF(R140<>"",R140-R139,"") -> 75 | T139: 19221 | U139: =IF(T140<>"",T140-T139,"") -> 33 | V139: 48639 | W139: =IF(V140<>"",V140-V139,"") -> 0 | X139: 70004 | Y139: =IF(X140<>"",X140-X139,"") -> 33 | Z139: 81 | AA139: =IF(Z140<>"",Z140-Z139,"") -> 0 | AB139: 21898 | AC139: =IF(AB140<>"",AB140-AB139,"") -> 112 | AD139: 6755 | AE139: =IF(AD140<>"",AD140-AD139,"") -> 0 | AF139: 11429 | AG139: =IF(AF140<>"",AF140-AF139,"") -> 0 | AH139: 82470 | AI139: =IF(AH140<>"",AH140-AH139,"") -> 20 | AJ139: =SUM(G139,K139,M139,O139,Q139,S139,U139,W139,Y139,AA139,AC139,AE139,AG139,AI139) -> 413 | AK139: =(E139+I139)-AJ139 -> 449
B140: MON | C140: 45964 | D140: 398512 | E140: =IF(D141<>"",D141-D140,"") -> 3323 | F140: 152702 | G140: =IF(F141<>"",F141-F140,"") -> 2001 | H140: 174008 | I140: =IF(H141<>"",H141-H140,"") -> 2095 | J140: 65059 | K140: =IF(J141<>"",J141-J140,"") -> 499 | L140: 13827 | M140: =IF(L141<>"",L141-L140,"") -> 122 | N140: 48057 | O140: =IF(N141<>"",N141-N140,"") -> 173 | P140: 15823 | Q140: =IF(P141<>"",P141-P140,"") -> 113 | R140: 85189 | S140: =IF(R141<>"",R141-R140,"") -> 431 | T140: 19254 | U140: =IF(T141<>"",T141-T140,"") -> 126 | V140: 48639 | W140: =IF(V141<>"",V141-V140,"") -> 0 | X140: 70037 | Y140: =IF(X141<>"",X141-X140,"") -> 543 | Z140: 81 | AA140: =IF(Z141<>"",Z141-Z140,"") -> 0 | AB140: 22010 | AC140: =IF(AB141<>"",AB141-AB140,"") -> 94 | AD140: 6755 | AE140: =IF(AD141<>"",AD141-AD140,"") -> 0 | AF140: 11429 | AG140: =IF(AF141<>"",AF141-AF140,"") -> 0 | AH140: 82490 | AI140: =IF(AH141<>"",AH141-AH140,"") -> 1005 | AJ140: =SUM(G140,K140,M140,O140,Q140,S140,U140,W140,Y140,AA140,AC140,AE140,AG140,AI140) -> 5107 | AK140: =(E140+I140)-AJ140 -> 311
B141: TUE | C141: 45965 | D141: 401835 | E141: =IF(D142<>"",D142-D141,"") -> 3501 | F141: 154703 | G141: =IF(F142<>"",F142-F141,"") -> 2054 | H141: 176103 | I141: =IF(H142<>"",H142-H141,"") -> 2017 | J141: 65558 | K141: =IF(J142<>"",J142-J141,"") -> 502 | L141: 13949 | M141: =IF(L142<>"",L142-L141,"") -> 167 | N141: 48230 | O141: =IF(N142<>"",N142-N141,"") -> 184 | P141: 15936 | Q141: =IF(P142<>"",P142-P141,"") -> 96 | R141: 85620 | S141: =IF(R142<>"",R142-R141,"") -> 470 | T141: 19380 | U141: =IF(T142<>"",T142-T141,"") -> 146 | V141: 48639 | W141: =IF(V142<>"",V142-V141,"") -> 0 | X141: 70580 | Y141: =IF(X142<>"",X142-X141,"") -> 498 | Z141: 81 | AA141: =IF(Z142<>"",Z142-Z141,"") -> 0 | AB141: 22104 | AC141: =IF(AB142<>"",AB142-AB141,"") -> 114 | AD141: 6755 | AE141: =IF(AD142<>"",AD142-AD141,"") -> 0 | AF141: 11429 | AG141: =IF(AF142<>"",AF142-AF141,"") -> 0 | AH141: 83495 | AI141: =IF(AH142<>"",AH142-AH141,"") -> 1070 | AJ141: =SUM(G141,K141,M141,O141,Q141,S141,U141,W141,Y141,AA141,AC141,AE141,AG141,AI141) -> 5301 | AK141: =(E141+I141)-AJ141 -> 217
B142: WED | C142: 45966 | D142: 405336 | E142: =IF(D143<>"",D143-D142,"") -> 2851 | F142: 156757 | G142: =IF(F143<>"",F143-F142,"") -> 1883 | H142: 178120 | I142: =IF(H143<>"",H143-H142,"") -> 2555 | J142: 66060 | K142: =IF(J143<>"",J143-J142,"") -> 433 | L142: 14116 | M142: =IF(L143<>"",L143-L142,"") -> 157 | N142: 48414 | O142: =IF(N143<>"",N143-N142,"") -> 189 | P142: 16032 | Q142: =IF(P143<>"",P143-P142,"") -> 108 | R142: 86090 | S142: =IF(R143<>"",R143-R142,"") -> 425 | T142: 19526 | U142: =IF(T143<>"",T143-T142,"") -> 123 | V142: 48639 | W142: =IF(V143<>"",V143-V142,"") -> 0 | X142: 71078 | Y142: =IF(X143<>"",X143-X142,"") -> 444 | Z142: 81 | AA142: =IF(Z143<>"",Z143-Z142,"") -> 0 | AB142: 22218 | AC142: =IF(AB143<>"",AB143-AB142,"") -> 127 | AD142: 6755 | AE142: =IF(AD143<>"",AD143-AD142,"") -> 0 | AF142: 11429 | AG142: =IF(AF143<>"",AF143-AF142,"") -> 0 | AH142: 84565 | AI142: =IF(AH143<>"",AH143-AH142,"") -> 996 | AJ142: =SUM(G142,K142,M142,O142,Q142,S142,U142,W142,Y142,AA142,AC142,AE142,AG142,AI142) -> 4885 | AK142: =(E142+I142)-AJ142 -> 521
B143: THU | C143: 45967 | D143: 408187 | E143: =IF(D144<>"",D144-D143,"") -> 2609 | F143: 158640 | G143: =IF(F144<>"",F144-F143,"") -> 1937 | H143: 180675 | I143: =IF(H144<>"",H144-H143,"") -> 2740 | J143: 66493 | K143: =IF(J144<>"",J144-J143,"") -> 499 | L143: 14273 | M143: =IF(L144<>"",L144-L143,"") -> 154 | N143: 48603 | O143: =IF(N144<>"",N144-N143,"") -> 203 | P143: 16140 | Q143: =IF(P144<>"",P144-P143,"") -> 120 | R143: 86515 | S143: =IF(R144<>"",R144-R143,"") -> 336 | T143: 19649 | U143: =IF(T144<>"",T144-T143,"") -> 124 | V143: 48639 | W143: =IF(V144<>"",V144-V143,"") -> 0 | X143: 71522 | Y143: =IF(X144<>"",X144-X143,"") -> 410 | Z143: 81 | AA143: =IF(Z144<>"",Z144-Z143,"") -> 0 | AB143: 22345 | AC143: =IF(AB144<>"",AB144-AB143,"") -> 128 | AD143: 6755 | AE143: =IF(AD144<>"",AD144-AD143,"") -> 0 | AF143: 11429 | AG143: =IF(AF144<>"",AF144-AF143,"") -> 0 | AH143: 85561 | AI143: =IF(AH144<>"",AH144-AH143,"") -> 1045 | AJ143: =SUM(G143,K143,M143,O143,Q143,S143,U143,W143,Y143,AA143,AC143,AE143,AG143,AI143) -> 4956 | AK143: =(E143+I143)-AJ143 -> 393
B144: FRI | C144: 45968 | D144: 410796 | E144: =IF(D145<>"",D145-D144,"") -> 3059 | F144: 160577 | G144: =IF(F145<>"",F145-F144,"") -> 2254 | H144: 183415 | I144: =IF(H145<>"",H145-H144,"") -> 2548 | J144: 66992 | K144: =IF(J145<>"",J145-J144,"") -> 499 | L144: 14427 | M144: =IF(L145<>"",L145-L144,"") -> 167 | N144: 48806 | O144: =IF(N145<>"",N145-N144,"") -> 145 | P144: 16260 | Q144: =IF(P145<>"",P145-P144,"") -> 103 | R144: 86851 | S144: =IF(R145<>"",R145-R144,"") -> 354 | T144: 19773 | U144: =IF(T145<>"",T145-T144,"") -> 112 | V144: 48639 | W144: =IF(V145<>"",V145-V144,"") -> 0 | X144: 71932 | Y144: =IF(X145<>"",X145-X144,"") -> 496 | Z144: 81 | AA144: =IF(Z145<>"",Z145-Z144,"") -> 0 | AB144: 22473 | AC144: =IF(AB145<>"",AB145-AB144,"") -> 127 | AD144: 6755 | AE144: =IF(AD145<>"",AD145-AD144,"") -> 0 | AF144: 11429 | AG144: =IF(AF145<>"",AF145-AF144,"") -> 0 | AH144: 86606 | AI144: =IF(AH145<>"",AH145-AH144,"") -> 987 | AJ144: =SUM(G144,K144,M144,O144,Q144,S144,U144,W144,Y144,AA144,AC144,AE144,AG144,AI144) -> 5244 | AK144: =(E144+I144)-AJ144 -> 363
B145: SAT | C145: 45969 | D145: 413855 | E145: =IF(D146<>"",D146-D145,"") -> 3090 | F145: 162831 | G145: =IF(F146<>"",F146-F145,"") -> 2145 | H145: 185963 | I145: =IF(H146<>"",H146-H145,"") -> 2471 | J145: 67491 | K145: =IF(J146<>"",J146-J145,"") -> 576 | L145: 14594 | M145: =IF(L146<>"",L146-L145,"") -> 160 | N145: 48951 | O145: =IF(N146<>"",N146-N145,"") -> 123 | P145: 16363 | Q145: =IF(P146<>"",P146-P145,"") -> 102 | R145: 87205 | S145: =IF(R146<>"",R146-R145,"") -> 345 | T145: 19885 | U145: =IF(T146<>"",T146-T145,"") -> 113 | V145: 48639 | W145: =IF(V146<>"",V146-V145,"") -> 0 | X145: 72428 | Y145: =IF(X146<>"",X146-X145,"") -> 475 | Z145: 81 | AA145: =IF(Z146<>"",Z146-Z145,"") -> 0 | AB145: 22600 | AC145: =IF(AB146<>"",AB146-AB145,"") -> 128 | AD145: 6755 | AE145: =IF(AD146<>"",AD146-AD145,"") -> 0 | AF145: 11429 | AG145: =IF(AF146<>"",AF146-AF145,"") -> 0 | AH145: 87593 | AI145: =IF(AH146<>"",AH146-AH145,"") -> 957 | AJ145: =SUM(G145,K145,M145,O145,Q145,S145,U145,W145,Y145,AA145,AC145,AE145,AG145,AI145) -> 5124 | AK145: =(E145+I145)-AJ145 -> 437
B146: SUN | C146: 45970 | D146: 416945 | E146: =IF(D147<>"",D147-D146,"") -> 1540 | F146: 164976 | G146: =IF(F147<>"",F147-F146,"") -> 1441 | H146: 188434 | I146: =IF(H147<>"",H147-H146,"") -> 1325 | J146: 68067 | K146: =IF(J147<>"",J147-J146,"") -> 249 | L146: 14754 | M146: =IF(L147<>"",L147-L146,"") -> 46 | N146: 49074 | O146: =IF(N147<>"",N147-N146,"") -> 12 | P146: 16465 | Q146: =IF(P147<>"",P147-P146,"") -> 6 | R146: 87550 | S146: =IF(R147<>"",R147-R146,"") -> 6 | T146: 19998 | U146: =IF(T147<>"",T147-T146,"") -> 11 | V146: 48639 | W146: =IF(V147<>"",V147-V146,"") -> 0 | X146: 72903 | Y146: =IF(X147<>"",X147-X146,"") -> 203 | Z146: 81 | AA146: =IF(Z147<>"",Z147-Z146,"") -> 0 | AB146: 22728 | AC146: =IF(AB147<>"",AB147-AB146,"") -> 119 | AD146: 6755 | AE146: =IF(AD147<>"",AD147-AD146,"") -> 0 | AF146: 11429 | AG146: =IF(AF147<>"",AF147-AF146,"") -> 0 | AH146: 88550 | AI146: =IF(AH147<>"",AH147-AH146,"") -> 581 | AJ146: =SUM(G146,K146,M146,O146,Q146,S146,U146,W146,Y146,AA146,AC146,AE146,AG146,AI146) -> 2674 | AK146: =(E146+I146)-AJ146 -> 191
B147: MON | C147: 45971 | D147: 418485 | E147: =IF(D148<>"",D148-D147,"") -> 3062 | F147: 166417 | G147: =IF(F148<>"",F148-F147,"") -> 2132 | H147: 189759 | I147: =IF(H148<>"",H148-H147,"") -> 2282 | J147: 68316 | K147: =IF(J148<>"",J148-J147,"") -> 552 | L147: 14800 | M147: =IF(L148<>"",L148-L147,"") -> 120 | N147: 49086 | O147: =IF(N148<>"",N148-N147,"") -> 107 | P147: 16471 | Q147: =IF(P148<>"",P148-P147,"") -> 110 | R147: 87556 | S147: =IF(R148<>"",R148-R147,"") -> 317 | T147: 20009 | U147: =IF(T148<>"",T148-T147,"") -> 132 | V147: 48639 | W147: =IF(V148<>"",V148-V147,"") -> 0 | X147: 73106 | Y147: =IF(X148<>"",X148-X147,"") -> 417 | Z147: 81 | AA147: =IF(Z148<>"",Z148-Z147,"") -> 0 | AB147: 22847 | AC147: =IF(AB148<>"",AB148-AB147,"") -> 128 | AD147: 6755 | AE147: =IF(AD148<>"",AD148-AD147,"") -> 0 | AF147: 11429 | AG147: =IF(AF148<>"",AF148-AF147,"") -> 0 | AH147: 89131 | AI147: =IF(AH148<>"",AH148-AH147,"") -> 966 | AJ147: =SUM(G147,K147,M147,O147,Q147,S147,U147,W147,Y147,AA147,AC147,AE147,AG147,AI147) -> 4981 | AK147: =(E147+I147)-AJ147 -> 363
B148: TUE | C148: 45972 | D148: 421547 | E148: =IF(D149<>"",D149-D148,"") -> 2523 | F148: 168549 | G148: =IF(F149<>"",F149-F148,"") -> 1686 | H148: 192041 | I148: =IF(H149<>"",H149-H148,"") -> 2113 | J148: 68868 | K148: =IF(J149<>"",J149-J148,"") -> 482 | L148: 14920 | M148: =IF(L149<>"",L149-L148,"") -> 139 | N148: 49193 | O148: =IF(N149<>"",N149-N148,"") -> 110 | P148: 16581 | Q148: =IF(P149<>"",P149-P148,"") -> 98 | R148: 87873 | S148: =IF(R149<>"",R149-R148,"") -> 332 | T148: 20141 | U148: =IF(T149<>"",T149-T148,"") -> 128 | V148: 48639 | W148: =IF(V149<>"",V149-V148,"") -> 0 | X148: 73523 | Y148: =IF(X149<>"",X149-X148,"") -> 415 | Z148: 81 | AA148: =IF(Z149<>"",Z149-Z148,"") -> 0 | AB148: 22975 | AC148: =IF(AB149<>"",AB149-AB148,"") -> 127 | AD148: 6755 | AE148: =IF(AD149<>"",AD149-AD148,"") -> 0 | AF148: 11429 | AG148: =IF(AF149<>"",AF149-AF148,"") -> 0 | AH148: 90097 | AI148: =IF(AH149<>"",AH149-AH148,"") -> 819 | AJ148: =SUM(G148,K148,M148,O148,Q148,S148,U148,W148,Y148,AA148,AC148,AE148,AG148,AI148) -> 4336 | AK148: =(E148+I148)-AJ148 -> 300
B149: WED | C149: 45973 | D149: 424070 | E149: =IF(D150<>"",D150-D149,"") -> 2264 | F149: 170235 | G149: =IF(F150<>"",F150-F149,"") -> 1513 | H149: 194154 | I149: =IF(H150<>"",H150-H149,"") -> 2541 | J149: 69350 | K149: =IF(J150<>"",J150-J149,"") -> 535 | L149: 15059 | M149: =IF(L150<>"",L150-L149,"") -> 199 | N149: 49303 | O149: =IF(N150<>"",N150-N149,"") -> 104 | P149: 16679 | Q149: =IF(P150<>"",P150-P149,"") -> 104 | R149: 88205 | S149: =IF(R150<>"",R150-R149,"") -> 418 | T149: 20269 | U149: =IF(T150<>"",T150-T149,"") -> 138 | V149: 48639 | W149: =IF(V150<>"",V150-V149,"") -> 0 | X149: 73938 | Y149: =IF(X150<>"",X150-X149,"") -> 411 | Z149: 81 | AA149: =IF(Z150<>"",Z150-Z149,"") -> 0 | AB149: 23102 | AC149: =IF(AB150<>"",AB150-AB149,"") -> 135 | AD149: 6755 | AE149: =IF(AD150<>"",AD150-AD149,"") -> 0 | AF149: 11429 | AG149: =IF(AF150<>"",AF150-AF149,"") -> 0 | AH149: 90916 | AI149: =IF(AH150<>"",AH150-AH149,"") -> 814 | AJ149: =SUM(G149,K149,M149,O149,Q149,S149,U149,W149,Y149,AA149,AC149,AE149,AG149,AI149) -> 4371 | AK149: =(E149+I149)-AJ149 -> 434
... B168: MON | C168: 45992 | D168: 461017 | E168: =IF(D169<>"",D169-D168,"") | F168: 194304 | G168: =IF(F169<>"",F169-F168,"") | H168: 228676 | I168: =IF(H169<>"",H169-H168,"") | J168: 76099 | K168: =IF(J169<>"",J169-J168,"") | L168: 17431 | M168: =IF(L169<>"",L169-L168,"") | N168: 50742 | O168: =IF(N169<>"",N169-N168,"") | P168: 18156 | Q168: =IF(P169<>"",P169-P168,"") | R168: 93777 | S168: =IF(R169<>"",R169-R168,"") | T168: 22260 | U168: =IF(T169<>"",T169-T168,"") | V168: 48639 | W168: =IF(V169<>"",V169-V168,"") | X168: 79384 | Y168: =IF(X169<>"",X169-X168,"") | Z168: 81 | AA168: =IF(Z169<>"",Z169-Z168,"") | AB168: 25148 | AC168: =IF(AB169<>"",AB169-AB168,"") | AD168: 6755 | AE168: =IF(AD169<>"",AD169-AD168,"") | AF168: 11429 | AG168: =IF(AF169<>"",AF169-AF168,"") | AH168: 103637 | AI168: =IF(AH169<>"",AH169-AH168,"") | AJ168: =SUM(G168,K168,M168,O168,Q168,S168,U168,W168,Y168,AA168,AC168,AE168,AG168,AI168) -> 0 | AK168: =(E168+I168)-AJ168 -> #VALUE!
B169: TUE | C169: 45993 | E169: =IF(D170<>"",D170-D169,"") | G169: =IF(F170<>"",F170-F169,"") | I169: =IF(H170<>"",H170-H169,"") | K169: =IF(J170<>"",J170-J169,"") | M169: =IF(L170<>"",L170-L169,"") | O169: =IF(N170<>"",N170-N169,"") | Q169: =IF(P170<>"",P170-P169,"") | S169: =IF(R170<>"",R170-R169,"") | U169: =IF(T170<>"",T170-T169,"") | W169: =IF(V170<>"",V170-V169,"") | Y169: =IF(X170<>"",X170-X169,"") | AA169: =IF(Z170<>"",Z170-Z169,"") | AC169: =IF(AB170<>"",AB170-AB169,"") | AE169: =IF(AD170<>"",AD170-AD169,"") | AG169: =IF(AF170<>"",AF170-AF169,"") | AI169: =IF(AH170<>"",AH170-AH169,"") | AJ169: =SUM(G169,K169,M169,O169,Q169,S169,U169,W169,Y169,AA169,AC169,AE169,AG169,AI169) -> 0 | AK169: =(E169+I169)-AJ169 -> #VALUE!
B170: SBSTN kWh/Mo TTL | E170: =SUM(E138:E168) -> 65754 | G170: =SUM(G138:G169) -> 43517 | I170: =SUM(I138:I168) -> 58069 | K170: =SUM(K138:K168) -> 11576 | M170: =SUM(M138:M168) -> 3749 | O170: =SUM(O138:O168) -> 2896 | Q170: =SUM(Q138:Q168) -> 2468 | S170: =SUM(S138:S168) -> 9184 | U170: =SUM(U138:U168) -> 3182 | W170: =SUM(W139:W168) -> 0 | Y170: =SUM(Y138:Y168) -> 9920 | AA170: =SUM(AA138:AA168) -> 0 | AC170: =SUM(AC138:AC168) -> 3388 | AE170: =SUM(AE139:AE168) -> 0 | AG170: =SUM(AG139:AG168) -> 0 | AI170: =SUM(AI138:AI168) -> 22083 | AJ170: =SUM(G170,K170,M170,O170,Q170,S170,U170,W170,Y170,AA170,AC170,AE170,AG170,AI170) -> 111963 | AK170: =(E170+I170)-AJ170 -> 11860
B171: LT Distribution Main TTL | E171: =G171+K171+M171+O171+Q171+S171+U171+Y171 -> 91224 | G171: ='LT-Wshng'!E168 -> 43492 | I171: =I170 -> 58069 | K171: ='LT GF'!D168 -> 11518 | M171: ='LT GF'!P168 -> 5754 | O171: ='LT FF'!D168 -> 2866 | Q171: ='LT FF'!P168 -> 3274 | S171: ='LT 2F'!D168 -> 9143 | U171: ='LT 2F'!P168 -> 5274 | W171: =W170 -> 0 | Y171: ='LT-Wshng'!U168 -> 9903 | AA171: =AA170 -> 0 | AC171: =AC170 -> 3388 | AI171: =AI170 -> 22083 | AJ171: =SUM(G171,K171,M171,O171,Q171,S171,U171,W171,Y171,AA171,AC171,AE171,AG171,AI171) -> 116695 | AK171: =(E171+I171)-AJ171 -> 32598
B172: Diff | E172: =E170-E171 -> -25470 | G172: =G170-G171 -> 25 | I172: =I170-I171 -> 0 | K172: =K170-K171 -> 58 | M172: =M170-M171 -> -2005 | O172: =O170-O171 -> 30 | Q172: =Q170-Q171 -> -806 | S172: =S170-S171 -> 41 | U172: =U170-U171 -> -2092 | Y172: =Y170-Y171 -> 17 | AA172: =AA170-AA171 -> 0 | AC172: =AC170-AC171 -> 0 | AE172: =AE170-AE171 -> 0 | AG172: =AG170-AG171 -> 0 | AI172: =AI170-AI171 -> 0 | AJ172: =AJ170-AJ171 -> -4732 | AK172: =AK170-AK171 -> -20738

Sheet LT GF
A1: DENIM Ground Floor LT's ENERGY ANALYZER READINGS
A2: DAY | B2: DATE | C2: MAIN | E2: LT 01 GF | O2: MAIN | Q2: LT 02 GF | Y2: kWh/Day LT01 | Z2: kWh/Day LT02 | AA2: kWh/Day TTL | AB2: Diff. LT 01 | AC2: Diff. LT 02 | AD2: Diff. TTL
C3: 0 | E3: 1 | G3: 2 | I3: 3 | K3: 4 | M3: 5 | O3: 0 | Q3: 1 | S3: 2 | U3: 3 | W3: 4
C4: MPB-1-GF | E4: DB-EW-GF-M2 | G4: DB-EXAST FAN-GF | I4: DB-HVAC-GF1 | K4: DB-LP-HALL-1-GF | M4: DB-LP-OFFICE-1-GF | O4: MPB-2-GF2 | Q4: MCC-STICHING-GF | S4: DB-HVAC-GF2 | U4: DB-LP-HALL2-GF | W4: DB-LP-OFFICE-2-GF
C5: Meter Reading | D5: Daily Units (kWh) | E5: Meter Reading | F5: Daily Units (kWh) | G5: Meter Reading | H5: Daily Units (kWh) | I5: Meter Reading | J5: Daily Units (kWh) | K5: Meter Reading | L5: Daily Units (kWh) | M5: Meter Reading | N5: Daily Units (kWh) | O5: Meter Reading | P5: Daily Units (kWh) | Q5: Meter Reading | R5: Daily Units (kWh) | S5: Meter Reading | T5: Daily Units (kWh) | U5: Meter Reading | V5: Daily Units (kWh) | W5: Meter Reading | X5: Daily Units (kWh)
A6: TUE | B6: 45839 | C6: 5321 | D6: =IF(C7<>"",C7-C6,"") -> 363 | E6: 0 | F6: =IF(E7<>"",E7-E6,"") -> 0 | G6: 10 | H6: =IF(G7<>"",G7-G6,"") -> 33 | I6: 24 | J6: =IF(I7<>"",I7-I6,"") -> 10 | K6: 15 | L6: =IF(K7<>"",K7-K6,"") -> 35 | M6: 0 | N6: =IF(M7<>"",M7-M6,"") -> 0 | O6: 20 | P6: =IF(O7<>"",O7-O6,"") -> 81 | Q6: 0 | R6: =IF(Q7<>"",Q7-Q6,"") -> 0 | S6: 50 | T6: =IF(S7<>"",S7-S6,"") -> 50 | U6: 171 | V6: =IF(U7<>"",U7-U6,"") -> 101 | W6: 3 | X6: =IF(W7<>"",W7-W6,"") -> 3 | Y6: =SUM(F6,H6,J6,L6,N6) -> 78 | Z6: =SUM(R6,T6,V6,X6) -> 154 | AA6: =SUM(F6,H6,J6,L6,N6,R6,T6,V6,X6) -> 232 | AB6: =Y6-D6 -> -285 | AC6: =Z6-P6 -> 73 | AD6: =AA6-(D6+P6) -> -212
A7: WED | B7: 45840 | C7: 5684 | D7: =IF(C8<>"",C8-C7,"") -> 304 | E7: 0 | F7: =IF(E8<>"",E8-E7,"") -> 0 | G7: 43 | H7: =IF(G8<>"",G8-G7,"") -> 163 | I7: 34 | J7: =IF(I8<>"",I8-I7,"") -> 7 | K7: 50 | L7: =IF(K8<>"",K8-K7,"") -> 75 | M7: 0 | N7: =IF(M8<>"",M8-M7,"") -> 0 | O7: 101 | P7: =IF(O8<>"",O8-O7,"") -> 94 | Q7: 0 | R7: =IF(Q8<>"",Q8-Q7,"") -> 0 | S7: 100 | T7: =IF(S8<>"",S8-S7,"") -> 81 | U7: 272 | V7: =IF(U8<>"",U8-U7,"") -> 79 | W7: 6 | X7: =IF(W8<>"",W8-W7,"") -> 7 | Y7: =SUM(F7,H7,J7,L7,N7) -> 245 | Z7: =SUM(R7,T7,V7,X7) -> 167 | AA7: =SUM(F7,H7,J7,L7,N7,R7,T7,V7,X7) -> 412 | AB7: =Y7-D7 -> -59 | AC7: =Z7-P7 -> 73 | AD7: =AA7-(D7+P7) -> 14
A8: THU | B8: 45841 | C8: 5988 | D8: =IF(C9<>"",C9-C8,"") -> 376 | E8: 0 | F8: =IF(E9<>"",E9-E8,"") -> 0 | G8: 206 | H8: =IF(G9<>"",G9-G8,"") -> 197 | I8: 41 | J8: =IF(I9<>"",I9-I8,"") -> 10 | K8: 125 | L8: =IF(K9<>"",K9-K8,"") -> 90 | M8: 0 | N8: =IF(M9<>"",M9-M8,"") -> 0 | O8: 195 | P8: =IF(O9<>"",O9-O8,"") -> 200 | Q8: 0 | R8: =IF(Q9<>"",Q9-Q8,"") -> 0 | S8: 181 | T8: =IF(S9<>"",S9-S8,"") -> 75 | U8: 351 | V8: =IF(U9<>"",U9-U8,"") -> 95 | W8: 13 | X8: =IF(W9<>"",W9-W8,"") -> 8 | Y8: =SUM(F8,H8,J8,L8,N8) -> 297 | Z8: =SUM(R8,T8,V8,X8) -> 178 | AA8: =SUM(F8,H8,J8,L8,N8,R8,T8,V8,X8) -> 475 | AB8: =Y8-D8 -> -79 | AC8: =Z8-P8 -> -22 | AD8: =AA8-(D8+P8) -> -101
A9: FRI | B9: 45842 | C9: 6364 | D9: =IF(C10<>"",C10-C9,"") -> 195 | E9: 0 | F9: =IF(E10<>"",E10-E9,"") -> 0 | G9: 403 | H9: =IF(G10<>"",G10-G9,"") -> 89 | I9: 51 | J9: =IF(I10<>"",I10-I9,"") -> 5 | K9: 215 | L9: =IF(K10<>"",K10-K9,"") -> 70 | M9: 0 | N9: =IF(M10<>"",M10-M9,"") -> 0 | O9: 395 | P9: =IF(O10<>"",O10-O9,"") -> 106 | Q9: 0 | R9: =IF(Q10<>"",Q10-Q9,"") -> 0 | S9: 256 | T9: =IF(S10<>"",S10-S9,"") -> 45 | U9: 446 | V9: =IF(U10<>"",U10-U9,"") -> 49 | W9: 21 | X9: =IF(W10<>"",W10-W9,"") -> 10 | Y9: =SUM(F9,H9,J9,L9,N9) -> 164 | Z9: =SUM(R9,T9,V9,X9) -> 104 | AA9: =SUM(F9,H9,J9,L9,N9,R9,T9,V9,X9) -> 268 | AB9: =Y9-D9 -> -31 | AC9: =Z9-P9 -> -2 | AD9: =AA9-(D9+P9) -> -33
A10: SAT | B10: 45843 | C10: 6559 | D10: =IF(C11<>"",C11-C10,"") -> 225 | E10: 0 | F10: =IF(E11<>"",E11-E10,"") -> 0 | G10: 492 | H10: =IF(G11<>"",G11-G10,"") -> 145 | I10: 56 | J10: =IF(I11<>"",I11-I10,"") -> 5 | K10: 285 | L10: =IF(K11<>"",K11-K10,"") -> 19 | M10: 0 | N10: =IF(M11<>"",M11-M10,"") -> 1 | O10: 501 | P10: =IF(O11<>"",O11-O10,"") -> 118 | Q10: 0 | R10: =IF(Q11<>"",Q11-Q10,"") -> 0 | S10: 301 | T10: =IF(S11<>"",S11-S10,"") -> 51 | U10: 495 | V10: =IF(U11<>"",U11-U10,"") -> 36 | W10: 31 | X10: =IF(W11<>"",W11-W10,"") -> 6 | Y10: =SUM(F10,H10,J10,L10,N10) -> 170 | Z10: =SUM(R10,T10,V10,X10) -> 93 | AA10: =SUM(F10,H10,J10,L10,N10,R10,T10,V10,X10) -> 263 | AB10: =Y10-D10 -> -55 | AC10: =Z10-P10 -> -25 | AD10: =AA10-(D10+P10) -> -80
A11: SUN | B11: 45844 | C11: 6784 | D11: =IF(C12<>"",C12-C11,"") -> 0 | E11: 0 | F11: =IF(E12<>"",E12-E11,"") -> 0 | G11: 637 | H11: =IF(G12<>"",G12-G11,"") -> 0 | I11: 61 | J11: =IF(I12<>"",I12-I11,"") -> 0 | K11: 304 | L11: =IF(K12<>"",K12-K11,"") -> 0 | M11: 1 | N11: =IF(M12<>"",M12-M11,"") -> 0 | O11: 619 | P11: =IF(O12<>"",O12-O11,"") -> 0 | Q11: 0 | R11: =IF(Q12<>"",Q12-Q11,"") -> 0 | S11: 352 | T11: =IF(S12<>"",S12-S11,"") -> 0 | U11: 531 | V11: =IF(U12<>"",U12-U11,"") -> 0 | W11: 37 | X11: =IF(W12<>"",W12-W11,"") -> 0 | Y11: =SUM(F11,H11,J11,L11,N11) -> 0 | Z11: =SUM(R11,T11,V11,X11) -> 0 | AA11: =SUM(F11,H11,J11,L11,N11,R11,T11,V11,X11) -> 0 | AB11: =Y11-D11 -> 0 | AC11: =Z11-P11 -> 0 | AD11: =AA11-(D11+P11) -> 0
A12: MON | B12: 45845 | C12: 6784 | D12: =IF(C13<>"",C13-C12,"") -> 422 | E12: 0 | F12: =IF(E13<>"",E13-E12,"") -> 0 | G12: 637 | H12: =IF(G13<>"",G13-G12,"") -> 231 | I12: 61 | J12: =IF(I13<>"",I13-I12,"") -> 13 | K12: 304 | L12: =IF(K13<>"",K13-K12,"") -> 83 | M12: 1 | N12: =IF(M13<>"",M13-M12,"") -> 0 | O12: 619 | P12: =IF(O13<>"",O13-O12,"") -> 203 | Q12: 0 | R12: =IF(Q13<>"",Q13-Q12,"") -> 0 | S12: 352 | T12: =IF(S13<>"",S13-S12,"") -> 87 | U12: 531 | V12: =IF(U13<>"",U13-U12,"") -> 89 | W12: 37 | X12: =IF(W13<>"",W13-W12,"") -> 6 | Y12: =SUM(F12,H12,J12,L12,N12) -> 327 | Z12: =SUM(R12,T12,V12,X12) -> 182 | AA12: =SUM(F12,H12,J12,L12,N12,R12,T12,V12,X12) -> 509 | AB12: =Y12-D12 -> -95 | AC12: =Z12-P12 -> -21 | AD12: =AA12-(D12+P12) -> -116
A13: TUE | B13: 45846 | C13: 7206 | D13: =IF(C14<>"",C14-C13,"") -> 367 | E13: 0 | F13: =IF(E14<>"",E14-E13,"") -> 0 | G13: 868 | H13: =IF(G14<>"",G14-G13,"") -> 191 | I13: 74 | J13: =IF(I14<>"",I14-I13,"") -> 11 | K13: 387 | L13: =IF(K14<>"",K14-K13,"") -> 80 | M13: 1 | N13: =IF(M14<>"",M14-M13,"") -> 0 | O13: 822 | P13: =IF(O14<>"",O14-O13,"") -> 153 | Q13: 0 | R13: =IF(Q14<>"",Q14-Q13,"") -> 0 | S13: 439 | T13: =IF(S14<>"",S14-S13,"") -> 58 | U13: 620 | V13: =IF(U14<>"",U14-U13,"") -> 75 | W13: 43 | X13: =IF(W14<>"",W14-W13,"") -> 7 | Y13: =SUM(F13,H13,J13,L13,N13) -> 282 | Z13: =SUM(R13,T13,V13,X13) -> 140 | AA13: =SUM(F13,H13,J13,L13,N13,R13,T13,V13,X13) -> 422 | AB13: =Y13-D13 -> -85 | AC13: =Z13-P13 -> -13 | AD13: =AA13-(D13+P13) -> -98
A14: WED | B14: 45847 | C14: 7573 | D14: =IF(C15<>"",C15-C14,"") -> 402 | E14: 0 | F14: =IF(E15<>"",E15-E14,"") -> 0 | G14: 1059 | H14: =IF(G15<>"",G15-G14,"") -> 191 | I14: 85 | J14: =IF(I15<>"",I15-I14,"") -> 10 | K14: 467 | L14: =IF(K15<>"",K15-K14,"") -> 96 | M14: 1 | N14: =IF(M15<>"",M15-M14,"") -> 0 | O14: 975 | P14: =IF(O15<>"",O15-O14,"") -> 146 | Q14: 0 | R14: =IF(Q15<>"",Q15-Q14,"") -> 0 | S14: 497 | T14: =IF(S15<>"",S15-S14,"") -> 59 | U14: 695 | V14: =IF(U15<>"",U15-U14,"") -> 114 | W14: 50 | X14: =IF(W15<>"",W15-W14,"") -> 7 | Y14: =SUM(F14,H14,J14,L14,N14) -> 297 | Z14: =SUM(R14,T14,V14,X14) -> 180 | AA14: =SUM(F14,H14,J14,L14,N14,R14,T14,V14,X14) -> 477 | AB14: =Y14-D14 -> -105 | AC14: =Z14-P14 -> 34 | AD14: =AA14-(D14+P14) -> -71
A15: THU | B15: 45848 | C15: 7975 | D15: =IF(C16<>"",C16-C15,"") -> 316 | E15: 0 | F15: =IF(E16<>"",E16-E15,"") -> 0 | G15: 1250 | H15: =IF(G16<>"",G16-G15,"") -> 157 | I15: 95 | J15: =IF(I16<>"",I16-I15,"") -> 1 | K15: 563 | L15: =IF(K16<>"",K16-K15,"") -> 66 | M15: 1 | N15: =IF(M16<>"",M16-M15,"") -> 1 | O15: 1121 | P15: =IF(O16<>"",O16-O15,"") -> 165 | Q15: 0 | R15: =IF(Q16<>"",Q16-Q15,"") -> 0 | S15: 556 | T15: =IF(S16<>"",S16-S15,"") -> 37 | U15: 809 | V15: =IF(U16<>"",U16-U15,"") -> 71 | W15: 57 | X15: =IF(W16<>"",W16-W15,"") -> 8 | Y15: =SUM(F15,H15,J15,L15,N15) -> 225 | Z15: =SUM(R15,T15,V15,X15) -> 116 | AA15: =SUM(F15,H15,J15,L15,N15,R15,T15,V15,X15) -> 341 | AB15: =Y15-D15 -> -91 | AC15: =Z15-P15 -> -49 | AD15: =AA15-(D15+P15) -> -140
A16: FRI | B16: 45849 | C16: 8291 | D16: =IF(C17<>"",C17-C16,"") -> 412 | E16: 0 | F16: =IF(E17<>"",E17-E16,"") -> 0 | G16: 1407 | H16: =IF(G17<>"",G17-G16,"") -> 219 | I16: 96 | J16: =IF(I17<>"",I17-I16,"") -> 5 | K16: 629 | L16: =IF(K17<>"",K17-K16,"") -> 84 | M16: 2 | N16: =IF(M17<>"",M17-M16,"") -> 1 | O16: 1286 | P16: =IF(O17<>"",O17-O16,"") -> 214 | Q16: 0 | R16: =IF(Q17<>"",Q17-Q16,"") -> 0 | S16: 593 | T16: =IF(S17<>"",S17-S16,"") -> 60 | U16: 880 | V16: =IF(U17<>"",U17-U16,"") -> 125 | W16: 65 | X16: =IF(W17<>"",W17-W16,"") -> 8 | Y16: =SUM(F16,H16,J16,L16,N16) -> 309 | Z16: =SUM(R16,T16,V16,X16) -> 193 | AA16: =SUM(F16,H16,J16,L16,N16,R16,T16,V16,X16) -> 502 | AB16: =Y16-D16 -> -103 | AC16: =Z16-P16 -> -21 | AD16: =AA16-(D16+P16) -> -124
A17: SAT | B17: 45850 | C17: 8703 | D17: =IF(C18<>"",C18-C17,"") -> 489 | E17: 0 | F17: =IF(E18<>"",E18-E17,"") -> 0 | G17: 1626 | H17: =IF(G18<>"",G18-G17,"") -> 245 | I17: 101 | J17: =IF(I18<>"",I18-I17,"") -> 9 | K17: 713 | L17: =IF(K18<>"",K18-K17,"") -> 96 | M17: 3 | N17: =IF(M18<>"",M18-M17,"") -> 0 | O17: 1500 | P17: =IF(O18<>"",O18-O17,"") -> 231 | Q17: 0 | R17: =IF(Q18<>"",Q18-Q17,"") -> 0 | S17: 653 | T17: =IF(S18<>"",S18-S17,"") -> 73 | U17: 1005 | V17: =IF(U18<>"",U18-U17,"") -> 94 | W17: 73 | X17: =IF(W18<>"",W18-W17,"") -> 6 | Y17: =SUM(F17,H17,J17,L17,N17) -> 350 | Z17: =SUM(R17,T17,V17,X17) -> 173 | AA17: =SUM(F17,H17,J17,L17,N17,R17,T17,V17,X17) -> 523 | AB17: =Y17-D17 -> -139 | AC17: =Z17-P17 -> -58 | AD17: =AA17-(D17+P17) -> -197
... A35: WED | B35: 45868 | C35: 15956 | D35: =IF(C36<>"",C36-C35,"") -> 608 | E35: 0 | F35: =IF(E36<>"",E36-E35,"") -> 0 | G35: 4958 | H35: =IF(G36<>"",G36-G35,"") -> 253 | I35: 268 | J35: =IF(I36<>"",I36-I35,"") -> 14 | K35: 2458 | L35: =IF(K36<>"",K36-K35,"") -> 112 | M35: 22 | N35: =IF(M36<>"",M36-M35,"") -> 1 | O35: 4467 | P35: =IF(O36<>"",O36-O35,"") -> 206 | Q35: 0 | R35: =IF(Q36<>"",Q36-Q35,"") -> 0 | S35: 1701 | T35: =IF(S36<>"",S36-S35,"") -> 81 | U35: 2466 | V35: =IF(U36<>"",U36-U35,"") -> 78 | W35: 254 | X35: =IF(W36<>"",W36-W35,"") -> 10 | Y35: =SUM(F35,H35,J35,L35,N35) -> 380 | Z35: =SUM(R35,T35,V35,X35) -> 169 | AA35: =SUM(F35,H35,J35,L35,N35,R35,T35,V35,X35) -> 549 | AB35: =Y35-D35 -> -228 | AC35: =Z35-P35 -> -37 | AD35: =AA35-(D35+P35) -> -265
A36: THU | B36: 45869 | C36: 16564 | D36: =IF(C38<>"",C38-C36,"") -> 659 | E36: 0 | F36: =IF(E38<>"",E38-E36,"") -> 0 | G36: 5211 | H36: =IF(G38<>"",G38-G36,"") -> 284 | I36: 282 | J36: =IF(I38<>"",I38-I36,"") -> 5 | K36: 2570 | L36: =IF(K38<>"",K38-K36,"") -> 117 | M36: 23 | N36: =IF(M38<>"",M38-M36,"") -> 1 | O36: 4673 | P36: =IF(O38<>"",O38-O36,"") -> 183 | Q36: 0 | R36: =IF(Q38<>"",Q38-Q36,"") -> 0 | S36: 1782 | T36: =IF(S38<>"",S38-S36,"") -> 79 | U36: 2544 | V36: =IF(U38<>"",U38-U36,"") -> 89 | W36: 264 | X36: =IF(W38<>"",W38-W36,"") -> 12 | Y36: =SUM(F36,H36,J36,L36,N36) -> 407 | Z36: =SUM(R36,T36,V36,X36) -> 180 | AA36: =SUM(F36,H36,J36,L36,N36,R36,T36,V36,X36) -> 587 | AB36: =Y36-D36 -> -252 | AC36: =Z36-P36 -> -3 | AD36: =AA36-(D36+P36) -> -255
A37: kWh/Mo TTL | D37: =SUM(D4:D35) -> 11243 | F37: =SUM(F4:F35) -> 0 | H37: =SUM(H4:H35) -> 5201 | J37: =SUM(J4:J35) -> 258 | L37: =SUM(L4:L35) -> 2555 | N37: =SUM(N4:N35) -> 23 | P37: =SUM(P4:P35) -> 4653 | R37: =SUM(R4:R35) -> 0 | T37: =SUM(T4:T35) -> 1732 | V37: =SUM(V4:V35) -> 2373 | X37: =SUM(X4:X35) -> 261 | Y37: =SUM(F37,H37,J37,L37,N37) -> 8037 | Z37: =SUM(R37,T37,V37,X37) -> 4366 | AA37: =SUM(F37,H37,J37,L37,N37,R37,T37,V37,X37) -> 12403 | AB37: =Y37-D37 -> -3206 | AC37: =Z37-P37 -> -287 | AD37: =AA37-(D37+P37) -> -3493
A38: FRI | B38: 45870 | C38: 17223 | D38: =IF(C39<>"",C39-C38,"") -> 429 | E38: 0 | F38: =IF(E39<>"",E39-E38,"") -> 0 | G38: 5495 | H38: =IF(G39<>"",G39-G38,"") -> 217 | I38: 287 | J38: =IF(I39<>"",I39-I38,"") -> 0 | K38: 2687 | L38: =IF(K39<>"",K39-K38,"") -> 82 | M38: 24 | N38: =IF(M39<>"",M39-M38,"") -> 1 | O38: 4856 | P38: =IF(O39<>"",O39-O38,"") -> 165 | Q38: 0 | R38: =IF(Q39<>"",Q39-Q38,"") -> 0 | S38: 1861 | T38: =IF(S39<>"",S39-S38,"") -> 70 | U38: 2633 | V38: =IF(U39<>"",U39-U38,"") -> 71 | W38: 276 | X38: =IF(W39<>"",W39-W38,"") -> 10 | Y38: =SUM(F38,H38,J38,L38,N38) -> 300 | Z38: =SUM(R38,T38,V38,X38) -> 151 | AA38: =SUM(F38,H38,J38,L38,N38,R38,T38,V38,X38) -> 451 | AB38: =Y38-D38 -> -129 | AC38: =Z38-P38 -> -14 | AD38: =AA38-(D38+P38) -> -143
A39: SAT | B39: 45871 | C39: 17652 | D39: =IF(C40<>"",C40-C39,"") -> 441 | E39: 0 | F39: =IF(E40<>"",E40-E39,"") -> 0 | G39: 5712 | H39: =IF(G40<>"",G40-G39,"") -> 191 | I39: 287 | J39: =IF(I40<>"",I40-I39,"") -> 5 | K39: 2769 | L39: =IF(K40<>"",K40-K39,"") -> 83 | M39: 25 | N39: =IF(M40<>"",M40-M39,"") -> 1 | O39: 5021 | P39: =IF(O40<>"",O40-O39,"") -> 158 | Q39: 0 | R39: =IF(Q40<>"",Q40-Q39,"") -> 0 | S39: 1931 | T39: =IF(S40<>"",S40-S39,"") -> 67 | U39: 2704 | V39: =IF(U40<>"",U40-U39,"") -> 56 | W39: 286 | X39: =IF(W40<>"",W40-W39,"") -> 10 | Y39: =SUM(F39,H39,J39,L39,N39) -> 280 | Z39: =SUM(R39,T39,V39,X39) -> 133 | AA39: =SUM(F39,H39,J39,L39,N39,R39,T39,V39,X39) -> 413 | AB39: =Y39-D39 -> -161 | AC39: =Z39-P39 -> -25 | AD39: =AA39-(D39+P39) -> -186
A40: SUN | B40: 45872 | C40: 18093 | D40: =IF(C41<>"",C41-C40,"") -> 0 | E40: 0 | F40: =IF(E41<>"",E41-E40,"") -> 0 | G40: 5903 | H40: =IF(G41<>"",G41-G40,"") -> 0 | I40: 292 | J40: =IF(I41<>"",I41-I40,"") -> 0 | K40: 2852 | L40: =IF(K41<>"",K41-K40,"") -> 0 | M40: 26 | N40: =IF(M41<>"",M41-M40,"") -> 0 | O40: 5179 | P40: =IF(O41<>"",O41-O40,"") -> 0 | Q40: 0 | R40: =IF(Q41<>"",Q41-Q40,"") -> 0 | S40: 1998 | T40: =IF(S41<>"",S41-S40,"") -> 0 | U40: 2760 | V40: =IF(U41<>"",U41-U40,"") -> 0 | W40: 296 | X40: =IF(W41<>"",W41-W40,"") -> 0 | Y40: =SUM(F40,H40,J40,L40,N40) -> 0 | Z40: =SUM(R40,T40,V40,X40) -> 0 | AA40: =SUM(F40,H40,J40,L40,N40,R40,T40,V40,X40) -> 0 | AB40: =Y40-D40 -> 0 | AC40: =Z40-P40 -> 0 | AD40: =AA40-(D40+P40) -> 0
A41: MON | B41: 45873 | C41: 18093 | D41: =IF(C42<>"",C42-C41,"") -> 505 | E41: 0 | F41: =IF(E42<>"",E42-E41,"") -> 0 | G41: 5903 | H41: =IF(G42<>"",G42-G41,"") -> 205 | I41: 292 | J41: =IF(I42<>"",I42-I41,"") -> 8 | K41: 2852 | L41: =IF(K42<>"",K42-K41,"") -> 85 | M41: 26 | N41: =IF(M42<>"",M42-M41,"") -> 2 | O41: 5179 | P41: =IF(O42<>"",O42-O41,"") -> 192 | Q41: 0 | R41: =IF(Q42<>"",Q42-Q41,"") -> 3 | S41: 1998 | T41: =IF(S42<>"",S42-S41,"") -> 91 | U41: 2760 | V41: =IF(U42<>"",U42-U41,"") -> 63 | W41: 296 | X41: =IF(W42<>"",W42-W41,"") -> 13 | Y41: =SUM(F41,H41,J41,L41,N41) -> 300 | Z41: =SUM(R41,T41,V41,X41) -> 170 | AA41: =SUM(F41,H41,J41,L41,N41,R41,T41,V41,X41) -> 470 | AB41: =Y41-D41 -> -205 | AC41: =Z41-P41 -> -22 | AD41: =AA41-(D41+P41) -> -227
A42: TUE | B42: 45874 | C42: 18598 | D42: =IF(C43<>"",C43-C42,"") -> 555 | E42: 0 | F42: =IF(E43<>"",E43-E42,"") -> 0 | G42: 6108 | H42: =IF(G43<>"",G43-G42,"") -> 214 | I42: 300 | J42: =IF(I43<>"",I43-I42,"") -> 11 | K42: 2937 | L42: =IF(K43<>"",K43-K42,"") -> 91 | M42: 28 | N42: =IF(M43<>"",M43-M42,"") -> 8 | O42: 5371 | P42: =IF(O43<>"",O43-O42,"") -> 176 | Q42: 3 | R42: =IF(Q43<>"",Q43-Q42,"") -> 0 | S42: 2089 | T42: =IF(S43<>"",S43-S42,"") -> 73 | U42: 2823 | V42: =IF(U43<>"",U43-U42,"") -> 66 | W42: 309 | X42: =IF(W43<>"",W43-W42,"") -> 10 | Y42: =SUM(F42,H42,J42,L42,N42) -> 324 | Z42: =SUM(R42,T42,V42,X42) -> 149 | AA42: =SUM(F42,H42,J42,L42,N42,R42,T42,V42,X42) -> 473 | AB42: =Y42-D42 -> -231 | AC42: =Z42-P42 -> -27 | AD42: =AA42-(D42+P42) -> -258
A43: WED | B43: 45875 | C43: 19153 | D43: =IF(C44<>"",C44-C43,"") -> 571 | E43: 0 | F43: =IF(E44<>"",E44-E43,"") -> 0 | G43: 6322 | H43: =IF(G44<>"",G44-G43,"") -> 199 | I43: 311 | J43: =IF(I44<>"",I44-I43,"") -> 21 | K43: 3028 | L43: =IF(K44<>"",K44-K43,"") -> 96 | M43: 36 | N43: =IF(M44<>"",M44-M43,"") -> 7 | O43: 5547 | P43: =IF(O44<>"",O44-O43,"") -> 156 | Q43: 3 | R43: =IF(Q44<>"",Q44-Q43,"") -> 2 | S43: 2162 | T43: =IF(S44<>"",S44-S43,"") -> 74 | U43: 2889 | V43: =IF(U44<>"",U44-U43,"") -> 62 | W43: 319 | X43: =IF(W44<>"",W44-W43,"") -> 15 | Y43: =SUM(F43,H43,J43,L43,N43) -> 323 | Z43: =SUM(R43,T43,V43,X43) -> 153 | AA43: =SUM(F43,H43,J43,L43,N43,R43,T43,V43,X43) -> 476 | AB43: =Y43-D43 -> -248 | AC43: =Z43-P43 -> -3 | AD43: =AA43-(D43+P43) -> -251
A44: THU | B44: 45876 | C44: 19724 | D44: =IF(C45<>"",C45-C44,"") -> 666 | E44: 0 | F44: =IF(E45<>"",E45-E44,"") -> 0 | G44: 6521 | H44: =IF(G45<>"",G45-G44,"") -> 241 | I44: 332 | J44: =IF(I45<>"",I45-I44,"") -> 33 | K44: 3124 | L44: =IF(K45<>"",K45-K44,"") -> 96 | M44: 43 | N44: =IF(M45<>"",M45-M44,"") -> 1 | O44: 5703 | P44: =IF(O45<>"",O45-O44,"") -> 199 | Q44: 5 | R44: =IF(Q45<>"",Q45-Q44,"") -> 3 | S44: 2236 | T44: =IF(S45<>"",S45-S44,"") -> 80 | U44: 2951 | V44: =IF(U45<>"",U45-U44,"") -> 67 | W44: 334 | X44: =IF(W45<>"",W45-W44,"") -> 14 | Y44: =SUM(F44,H44,J44,L44,N44) -> 371 | Z44: =SUM(R44,T44,V44,X44) -> 164 | AA44: =SUM(F44,H44,J44,L44,N44,R44,T44,V44,X44) -> 535 | AB44: =Y44-D44 -> -295 | AC44: =Z44-P44 -> -35 | AD44: =AA44-(D44+P44) -> -330
A45: FRI | B45: 45877 | C45: 20390 | D45: =IF(C46<>"",C46-C45,"") -> 487 | E45: 0 | F45: =IF(E46<>"",E46-E45,"") -> 0 | G45: 6762 | H45: =IF(G46<>"",G46-G45,"") -> 186 | I45: 365 | J45: =IF(I46<>"",I46-I45,"") -> 43 | K45: 3220 | L45: =IF(K46<>"",K46-K45,"") -> 76 | M45: 44 | N45: =IF(M46<>"",M46-M45,"") -> 1 | O45: 5902 | P45: =IF(O46<>"",O46-O45,"") -> 171 | Q45: 8 | R45: =IF(Q46<>"",Q46-Q45,"") -> 18 | S45: 2316 | T45: =IF(S46<>"",S46-S45,"") -> 72 | U45: 3018 | V45: =IF(U46<>"",U46-U45,"") -> 46 | W45: 348 | X45: =IF(W46<>"",W46-W45,"") -> 11 | Y45: =SUM(F45,H45,J45,L45,N45) -> 306 | Z45: =SUM(R45,T45,V45,X45) -> 147 | AA45: =SUM(F45,H45,J45,L45,N45,R45,T45,V45,X45) -> 453 | AB45: =Y45-D45 -> -181 | AC45: =Z45-P45 -> -24 | AD45: =AA45-(D45+P45) -> -205
A46: SAT | B46: 45878 | C46: 20877 | D46: =IF(C47<>"",C47-C46,"") -> 519 | E46: 0 | F46: =IF(E47<>"",E47-E46,"") -> 0 | G46: 6948 | H46: =IF(G47<>"",G47-G46,"") -> 199 | I46: 408 | J46: =IF(I47<>"",I47-I46,"") -> 10 | K46: 3296 | L46: =IF(K47<>"",K47-K46,"") -> 80 | M46: 45 | N46: =IF(M47<>"",M47-M46,"") -> 4 | O46: 6073 | P46: =IF(O47<>"",O47-O46,"") -> 152 | Q46: 26 | R46: =IF(Q47<>"",Q47-Q46,"") -> 0 | S46: 2388 | T46: =IF(S47<>"",S47-S46,"") -> 61 | U46: 3064 | V46: =IF(U47<>"",U47-U46,"") -> 55 | W46: 359 | X46: =IF(W47<>"",W47-W46,"") -> 7 | Y46: =SUM(F46,H46,J46,L46,N46) -> 293 | Z46: =SUM(R46,T46,V46,X46) -> 123 | AA46: =SUM(F46,H46,J46,L46,N46,R46,T46,V46,X46) -> 416 | AB46: =Y46-D46 -> -226 | AC46: =Z46-P46 -> -29 | AD46: =AA46-(D46+P46) -> -255
A47: SUN | B47: 45879 | C47: 21396 | D47: =IF(C48<>"",C48-C47,"") -> 10 | E47: 0 | F47: =IF(E48<>"",E48-E47,"") -> 0 | G47: 7147 | H47: =IF(G48<>"",G48-G47,"") -> 4 | I47: 418 | J47: =IF(I48<>"",I48-I47,"") -> 0 | K47: 3376 | L47: =IF(K48<>"",K48-K47,"") -> 3 | M47: 49 | N47: =IF(M48<>"",M48-M47,"") -> 1 | O47: 6225 | P47: =IF(O48<>"",O48-O47,"") -> 16 | Q47: 26 | R47: =IF(Q48<>"",Q48-Q47,"") -> 0 | S47: 2449 | T47: =IF(S48<>"",S48-S47,"") -> 1 | U47: 3119 | V47: =IF(U48<>"",U48-U47,"") -> 2 | W47: 366 | X47: =IF(W48<>"",W48-W47,"") -> 4 | Y47: =SUM(F47,H47,J47,L47,N47) -> 8 | Z47: =SUM(R47,T47,V47,X47) -> 7 | AA47: =SUM(F47,H47,J47,L47,N47,R47,T47,V47,X47) -> 15 | AB47: =Y47-D47 -> -2 | AC47: =Z47-P47 -> -9 | AD47: =AA47-(D47+P47) -> -11
A48: MON | B48: 45880 | C48: 21406 | D48: =IF(C49<>"",C49-C48,"") -> 561 | E48: 0 | F48: =IF(E49<>"",E49-E48,"") -> 0 | G48: 7151 | H48: =IF(G49<>"",G49-G48,"") -> 220 | I48: 418 | J48: =IF(I49<>"",I49-I48,"") -> 31 | K48: 3379 | L48: =IF(K49<>"",K49-K48,"") -> 95 | M48: 50 | N48: =IF(M49<>"",M49-M48,"") -> 1 | O48: 6241 | P48: =IF(O49<>"",O49-O48,"") -> 193 | Q48: 26 | R48: =IF(Q49<>"",Q49-Q48,"") -> 2 | S48: 2450 | T48: =IF(S49<>"",S49-S48,"") -> 82 | U48: 3121 | V48: =IF(U49<>"",U49-U48,"") -> 10 | W48: 370 | X48: =IF(W49<>"",W49-W48,"") -> 10 | Y48: =SUM(F48,H48,J48,L48,N48) -> 347 | Z48: =SUM(R48,T48,V48,X48) -> 104 | AA48: =SUM(F48,H48,J48,L48,N48,R48,T48,V48,X48) -> 451 | AB48: =Y48-D48 -> -214 | AC48: =Z48-P48 -> -89 | AD48: =AA48-(D48+P48) -> -303
A49: TUE | B49: 45881 | C49: 21967 | D49: =IF(C50<>"",C50-C49,"") -> 518 | E49: 0 | F49: =IF(E50<>"",E50-E49,"") -> 0 | G49: 7371 | H49: =IF(G50<>"",G50-G49,"") -> 194 | I49: 449 | J49: =IF(I50<>"",I50-I49,"") -> 31 | K49: 3474 | L49: =IF(K50<>"",K50-K49,"") -> 84 | M49: 51 | N49: =IF(M50<>"",M50-M49,"") -> 1 | O49: 6434 | P49: =IF(O50<>"",O50-O49,"") -> 177 | Q49: 28 | R49: =IF(Q50<>"",Q50-Q49,"") -> 12 | S49: 2532 | T49: =IF(S50<>"",S50-S49,"") -> 68 | U49: 3131 | V49: =IF(U50<>"",U50-U49,"") -> 129 | W49: 380 | X49: =IF(W50<>"",W50-W49,"") -> 9 | Y49: =SUM(F49,H49,J49,L49,N49) -> 310 | Z49: =SUM(R49,T49,V49,X49) -> 218 | AA49: =SUM(F49,H49,J49,L49,N49,R49,T49,V49,X49) -> 528 | AB49: =Y49-D49 -> -208 | AC49: =Z49-P49 -> 41 | AD49: =AA49-(D49+P49) -> -167
A50: WED | B50: 45882 | C50: 22485 | D50: =IF(C51<>"",C51-C50,"") -> 633 | E50: 0 | F50: =IF(E51<>"",E51-E50,"") -> 0 | G50: 7565 | H50: =IF(G51<>"",G51-G50,"") -> 249 | I50: 480 | J50: =IF(I51<>"",I51-I50,"") -> 35 | K50: 3558 | L50: =IF(K51<>"",K51-K50,"") -> 109 | M50: 52 | N50: =IF(M51<>"",M51-M50,"") -> 1 | O50: 6611 | P50: =IF(O51<>"",O51-O50,"") -> 224 | Q50: 40 | R50: 0 | S50: 2600 | T50: =IF(S51<>"",S51-S50,"") -> 83 | U50: 3260 | V50: =IF(U51<>"",U51-U50,"") -> 82 | W50: 389 | X50: =IF(W51<>"",W51-W50,"") -> 15 | Y50: =SUM(F50,H50,J50,L50,N50) -> 394 | Z50: =SUM(R50,T50,V50,X50) -> 180 | AA50: =SUM(F50,H50,J50,L50,N50,R50,T50,V50,X50) -> 574 | AB50: =Y50-D50 -> -239 | AC50: =Z50-P50 -> -44 | AD50: =AA50-(D50+P50) -> -283
A51: THU | B51: 45883 | C51: 23118 | D51: =IF(C52<>"",C52-C51,"") -> 0 | E51: 0 | F51: =IF(E52<>"",E52-E51,"") -> 0 | G51: 7814 | H51: =IF(G52<>"",G52-G51,"") -> 0 | I51: 515 | J51: =IF(I52<>"",I52-I51,"") -> 0 | K51: 3667 | L51: =IF(K52<>"",K52-K51,"") -> 0 | M51: 53 | N51: =IF(M52<>"",M52-M51,"") -> 0 | O51: 6835 | P51: =IF(O52<>"",O52-O51,"") -> 0 | Q51: 42 | R51: =IF(Q52<>"",Q52-Q51,"") -> 14 | S51: 2683 | T51: =IF(S52<>"",S52-S51,"") -> 0 | U51: 3342 | V51: =IF(U52<>"",U52-U51,"") -> 0 | W51: 404 | X51: =IF(W52<>"",W52-W51,"") -> 0 | Y51: =SUM(F51,H51,J51,L51,N51) -> 0 | Z51: =SUM(R51,T51,V51,X51) -> 14 | AA51: =SUM(F51,H51,J51,L51,N51,R51,T51,V51,X51) -> 14 | AB51: =Y51-D51 -> 0 | AC51: =Z51-P51 -> 14 | AD51: =AA51-(D51+P51) -> 14
A52: FRI | B52: 45884 | C52: 23118 | D52: =IF(C53<>"",C53-C52,"") -> 684 | E52: 0 | F52: =IF(E53<>"",E53-E52,"") -> 0 | G52: 7814 | H52: =IF(G53<>"",G53-G52,"") -> 256 | I52: 515 | J52: =IF(I53<>"",I53-I52,"") -> 34 | K52: 3667 | L52: =IF(K53<>"",K53-K52,"") -> 119 | M52: 53 | N52: =IF(M53<>"",M53-M52,"") -> 1 | O52: 6835 | P52: =IF(O53<>"",O53-O52,"") -> 239 | Q52: 56 | R52: =IF(Q53<>"",Q53-Q52,"") -> 15 | S52: 2683 | T52: =IF(S53<>"",S53-S52,"") -> 79 | U52: 3342 | V52: =IF(U53<>"",U53-U52,"") -> 100 | W52: 404 | X52: =IF(W53<>"",W53-W52,"") -> 11 | Y52: =SUM(F52,H52,J52,L52,N52) -> 410 | Z52: =SUM(R52,T52,V52,X52) -> 205 | AA52: =SUM(F52,H52,J52,L52,N52,R52,T52,V52,X52) -> 615 | AB52: =Y52-D52 -> -274 | AC52: =Z52-P52 -> -34 | AD52: =AA52-(D52+P52) -> -308
A53: SAT | B53: 45885 | C53: 23802 | D53: =IF(C54<>"",C54-C53,"") -> 511 | E53: 0 | F53: =IF(E54<>"",E54-E53,"") -> 0 | G53: 8070 | H53: =IF(G54<>"",G54-G53,"") -> 198 | I53: 549 | J53: =IF(I54<>"",I54-I53,"") -> 28 | K53: 3786 | L53: =IF(K54<>"",K54-K53,"") -> 108 | M53: 54 | N53: =IF(M54<>"",M54-M53,"") -> 1 | O53: 7074 | P53: =IF(O54<>"",O54-O53,"") -> 213 | Q53: 71 | R53: =IF(Q54<>"",Q54-Q53,"") -> 11 | S53: 2762 | T53: =IF(S54<>"",S54-S53,"") -> 71 | U53: 3442 | V53: =IF(U54<>"",U54-U53,"") -> 87 | W53: 415 | X53: =IF(W54<>"",W54-W53,"") -> 16 | Y53: =SUM(F53,H53,J53,L53,N53) -> 335 | Z53: =SUM(R53,T53,V53,X53) -> 185 | AA53: =SUM(F53,H53,J53,L53,N53,R53,T53,V53,X53) -> 520 | AB53: =Y53-D53 -> -176 | AC53: =Z53-P53 -> -28 | AD53: =AA53-(D53+P53) -> -204
A54: SUN | B54: 45886 | C54: 24313 | D54: =IF(C55<>"",C55-C54,"") -> 0 | E54: 0 | F54: =IF(E55<>"",E55-E54,"") -> 0 | G54: 8268 | H54: =IF(G55<>"",G55-G54,"") -> 0 | I54: 577 | J54: =IF(I55<>"",I55-I54,"") -> 0 | K54: 3894 | L54: =IF(K55<>"",K55-K54,"") -> 0 | M54: 55 | N54: =IF(M55<>"",M55-M54,"") -> 0 | O54: 7287 | P54: =IF(O55<>"",O55-O54,"") -> 0 | Q54: 82 | R54: =IF(Q55<>"",Q55-Q54,"") -> 0 | S54: 2833 | T54: =IF(S55<>"",S55-S54,"") -> 0 | U54: 3529 | V54: =IF(U55<>"",U55-U54,"") -> 0 | W54: 431 | X54: =IF(W55<>"",W55-W54,"") -> 0 | Y54: =SUM(F54,H54,J54,L54,N54) -> 0 | Z54: =SUM(R54,T54,V54,X54) -> 0 | AA54: =SUM(F54,H54,J54,L54,N54,R54,T54,V54,X54) -> 0 | AB54: =Y54-D54 -> 0 | AC54: =Z54-P54 -> 0 | AD54: =AA54-(D54+P54) -> 0
A55: MON | B55: 45887 | C55: 24313 | D55: =IF(C56<>"",C56-C55,"") -> 551 | E55: 0 | F55: =IF(E56<>"",E56-E55,"") -> 0 | G55: 8268 | H55: =IF(G56<>"",G56-G55,"") -> 212 | I55: 577 | J55: =IF(I56<>"",I56-I55,"") -> 24 | K55: 3894 | L55: =IF(K56<>"",K56-K55,"") -> 99 | M55: 55 | N55: =IF(M56<>"",M56-M55,"") -> 1 | O55: 7287 | P55: =IF(O56<>"",O56-O55,"") -> 199 | Q55: 82 | R55: =IF(Q56<>"",Q56-Q55,"") -> 13 | S55: 2833 | T55: =IF(S56<>"",S56-S55,"") -> 75 | U55: 3529 | V55: =IF(U56<>"",U56-U55,"") -> 72 | W55: 431 | X55: =IF(W56<>"",W56-W55,"") -> 10 | Y55: =SUM(F55,H55,J55,L55,N55) -> 336 | Z55: =SUM(R55,T55,V55,X55) -> 170 | AA55: =SUM(F55,H55,J55,L55,N55,R55,T55,V55,X55) -> 506 | AB55: =Y55-D55 -> -215 | AC55: =Z55-P55 -> -29 | AD55: =AA55-(D55+P55) -> -244
A56: TUE | B56: 45888 | C56: 24864 | D56: =IF(C57<>"",C57-C56,"") -> 544 | E56: 0 | F56: =IF(E57<>"",E57-E56,"") -> 0 | G56: 8480 | H56: =IF(G57<>"",G57-G56,"") -> 216 | I56: 601 | J56: =IF(I57<>"",I57-I56,"") -> 15 | K56: 3993 | L56: =IF(K57<>"",K57-K56,"") -> 90 | M56: 56 | N56: =IF(M57<>"",M57-M56,"") -> 1 | O56: 7486 | P56: =IF(O57<>"",O57-O56,"") -> 191 | Q56: 95 | R56: =IF(Q57<>"",Q57-Q56,"") -> 0 | S56: 2908 | T56: =IF(S57<>"",S57-S56,"") -> 88 | U56: 3601 | V56: =IF(U57<>"",U57-U56,"") -> 65 | W56: 441 | X56: =IF(W57<>"",W57-W56,"") -> 9 | Y56: =SUM(F56,H56,J56,L56,N56) -> 322 | Z56: =SUM(R56,T56,V56,X56) -> 162 | AA56: =SUM(F56,H56,J56,L56,N56,R56,T56,V56,X56) -> 484 | AB56: =Y56-D56 -> -222 | AC56: =Z56-P56 -> -29 | AD56: =AA56-(D56+P56) -> -251
A57: WED | B57: 45889 | C57: 25408 | D57: =IF(C58<>"",C58-C57,"") -> 636 | E57: 0 | F57: =IF(E58<>"",E58-E57,"") -> 0 | G57: 8696 | H57: =IF(G58<>"",G58-G57,"") -> 248 | I57: 616 | J57: =IF(I58<>"",I58-I57,"") -> 12 | K57: 4083 | L57: =IF(K58<>"",K58-K57,"") -> 109 | M57: 57 | N57: =IF(M58<>"",M58-M57,"") -> 2 | O57: 7677 | P57: =IF(O58<>"",O58-O57,"") -> 179 | Q57: 95 | R57: =IF(Q58<>"",Q58-Q57,"") -> 0 | S57: 2996 | T57: =IF(S58<>"",S58-S57,"") -> 61 | U57: 3666 | V57: =IF(U58<>"",U58-U57,"") -> 80 | W57: 450 | X57: =IF(W58<>"",W58-W57,"") -> 11 | Y57: =SUM(F57,H57,J57,L57,N57) -> 371 | Z57: =SUM(R57,T57,V57,X57) -> 152 | AA57: =SUM(F57,H57,J57,L57,N57,R57,T57,V57,X57) -> 523 | AB57: =Y57-D57 -> -265 | AC57: =Z57-P57 -> -27 | AD57: =AA57-(D57+P57) -> -292
A58: THU | B58: 45890 | C58: 26044 | D58: =IF(C59<>"",C59-C58,"") -> 655 | E58: 0 | F58: =IF(E59<>"",E59-E58,"") -> 0 | G58: 8944 | H58: =IF(G59<>"",G59-G58,"") -> 243 | I58: 628 | J58: =IF(I59<>"",I59-I58,"") -> 15 | K58: 4192 | L58: =IF(K59<>"",K59-K58,"") -> 109 | M58: 59 | N58: =IF(M59<>"",M59-M58,"") -> 2 | O58: 7856 | P58: =IF(O59<>"",O59-O58,"") -> 208 | Q58: 95 | R58: =IF(Q59<>"",Q59-Q58,"") -> 0 | S58: 3057 | T58: =IF(S59<>"",S59-S58,"") -> 82 | U58: 3746 | V58: =IF(U59<>"",U59-U58,"") -> 83 | W58: 461 | X58: =IF(W59<>"",W59-W58,"") -> 13 | Y58: =SUM(F58,H58,J58,L58,N58) -> 369 | Z58: =SUM(R58,T58,V58,X58) -> 178 | AA58: =SUM(F58,H58,J58,L58,N58,R58,T58,V58,X58) -> 547 | AB58: =Y58-D58 -> -286 | AC58: =Z58-P58 -> -30 | AD58: =AA58-(D58+P58) -> -316
A59: FRI | B59: 45891 | C59: 26699 | D59: =IF(C60<>"",C60-C59,"") -> 658 | E59: 0 | F59: =IF(E60<>"",E60-E59,"") -> 0 | G59: 9187 | H59: =IF(G60<>"",G60-G59,"") -> 250 | I59: 643 | J59: =IF(I60<>"",I60-I59,"") -> 19 | K59: 4301 | L59: =IF(K60<>"",K60-K59,"") -> 108 | M59: 61 | N59: =IF(M60<>"",M60-M59,"") -> 2 | O59: 8064 | P59: =IF(O60<>"",O60-O59,"") -> 234 | Q59: 95 | R59: =IF(Q60<>"",Q60-Q59,"") -> 0 | S59: 3139 | T59: =IF(S60<>"",S60-S59,"") -> 113 | U59: 3829 | V59: =IF(U60<>"",U60-U59,"") -> 83 | W59: 474 | X59: =IF(W60<>"",W60-W59,"") -> 13 | Y59: =SUM(F59,H59,J59,L59,N59) -> 379 | Z59: =SUM(R59,T59,V59,X59) -> 209 | AA59: =SUM(F59,H59,J59,L59,N59,R59,T59,V59,X59) -> 588 | AB59: =Y59-D59 -> -279 | AC59: =Z59-P59 -> -25 | AD59: =AA59-(D59+P59) -> -304
A60: SAT | B60: 45892 | C60: 27357 | D60: =IF(C61<>"",C61-C60,"") -> 629 | E60: 0 | F60: =IF(E61<>"",E61-E60,"") -> 0 | G60: 9437 | H60: =IF(G61<>"",G61-G60,"") -> 248 | I60: 662 | J60: =IF(I61<>"",I61-I60,"") -> 11 | K60: 4409 | L60: =IF(K61<>"",K61-K60,"") -> 103 | M60: 63 | N60: =IF(M61<>"",M61-M60,"") -> 0 | O60: 8298 | P60: =IF(O61<>"",O61-O60,"") -> 203 | Q60: 95 | R60: =IF(Q61<>"",Q61-Q60,"") -> 0 | S60: 3252 | T60: =IF(S61<>"",S61-S60,"") -> 83 | U60: 3912 | V60: =IF(U61<>"",U61-U60,"") -> 85 | W60: 487 | X60: =IF(W61<>"",W61-W60,"") -> 10 | Y60: =SUM(F60,H60,J60,L60,N60) -> 362 | Z60: =SUM(R60,T60,V60,X60) -> 178 | AA60: =SUM(F60,H60,J60,L60,N60,R60,T60,V60,X60) -> 540 | AB60: =Y60-D60 -> -267 | AC60: =Z60-P60 -> -25 | AD60: =AA60-(D60+P60) -> -292
A61: SUN | B61: 45893 | C61: 27986 | D61: =IF(C62<>"",C62-C61,"") -> 7 | E61: 0 | F61: =IF(E62<>"",E62-E61,"") -> 0 | G61: 9685 | H61: =IF(G62<>"",G62-G61,"") -> 1 | I61: 673 | J61: =IF(I62<>"",I62-I61,"") -> 0 | K61: 4512 | L61: =IF(K62<>"",K62-K61,"") -> 4 | M61: 63 | N61: =IF(M62<>"",M62-M61,"") -> 1 | O61: 8501 | P61: =IF(O62<>"",O62-O61,"") -> 47 | Q61: 95 | R61: =IF(Q62<>"",Q62-Q61,"") -> 0 | S61: 3335 | T61: =IF(S62<>"",S62-S61,"") -> 22 | U61: 3997 | V61: =IF(U62<>"",U62-U61,"") -> 19 | W61: 497 | X61: =IF(W62<>"",W62-W61,"") -> 5 | Y61: =SUM(F61,H61,J61,L61,N61) -> 6 | Z61: =SUM(R61,T61,V61,X61) -> 46 | AA61: =SUM(F61,H61,J61,L61,N61,R61,T61,V61,X61) -> 52 | AB61: =Y61-D61 -> -1 | AC61: =Z61-P61 -> -1 | AD61: =AA61-(D61+P61) -> -2
A62: MON | B62: 45894 | C62: 27993 | D62: =IF(C63<>"",C63-C62,"") -> 612 | E62: 0 | F62: =IF(E63<>"",E63-E62,"") -> 0 | G62: 9686 | H62: =IF(G63<>"",G63-G62,"") -> 222 | I62: 673 | J62: =IF(I63<>"",I63-I62,"") -> 11 | K62: 4516 | L62: =IF(K63<>"",K63-K62,"") -> 108 | M62: 64 | N62: =IF(M63<>"",M63-M62,"") -> 1 | O62: 8548 | P62: =IF(O63<>"",O63-O62,"") -> 201 | Q62: 95 | R62: =IF(Q63<>"",Q63-Q62,"") -> 21 | S62: 3357 | T62: =IF(S63<>"",S63-S62,"") -> 59 | U62: 4016 | V62: =IF(U63<>"",U63-U62,"") -> 109 | W62: 502 | X62: =IF(W63<>"",W63-W62,"") -> 13 | Y62: =SUM(F62,H62,J62,L62,N62) -> 342 | Z62: =SUM(R62,T62,V62,X62) -> 202 | AA62: =SUM(F62,H62,J62,L62,N62,R62,T62,V62,X62) -> 544 | AB62: =Y62-D62 -> -270 | AC62: =Z62-P62 -> 1 | AD62: =AA62-(D62+P62) -> -269
... A68: SUN | B68: 45900 | C68: 32096 | D68: =IF(C69<>"",C69-C68,"") -> 325 | E68: 0 | F68: =IF(E69<>"",E69-E68,"") -> 0 | G68: 11097 | H68: =IF(G69<>"",G69-G68,"") -> 130 | I68: 805 | J68: =IF(I69<>"",I69-I68,"") -> 0 | K68: 5199 | L68: =IF(K69<>"",K69-K68,"") -> 100 | M68: 71 | N68: =IF(M69<>"",M69-M68,"") -> 0 | O68: 9835 | P68: =IF(O69<>"",O69-O68,"") -> 110 | Q68: 290 | R68: =IF(Q69<>"",Q69-Q68,"") -> 0 | S68: 3754 | T68: =IF(S69<>"",S69-S68,"") -> 20 | U68: 4591 | V68: =IF(U69<>"",U69-U68,"") -> 80 | W68: 578 | X68: =IF(W69<>"",W69-W68,"") -> 9 | Y68: =SUM(F68,H68,J68,L68,N68) -> 230 | Z68: =SUM(R68,T68,V68,X68) -> 109 | AA68: =SUM(F68,H68,J68,L68,N68,R68,T68,V68,X68) -> 339 | AB68: =Y68-D68 -> -95 | AC68: =Z68-P68 -> -1 | AD68: =AA68-(D68+P68) -> -96
A69: MON | B69: 45901 | C69: 32421 | E69: 0 | G69: 11227 | I69: 805 | K69: 5299 | M69: 71 | O69: 9945 | Q69: 290 | S69: 3774 | U69: 4671 | W69: 587 | Y69: =SUM(F69,H69,J69,L69,N69) -> 0 | Z69: =SUM(R69,T69,V69,X69) -> 0 | AA69: =SUM(F69,H69,J69,L69,N69,R69,T69,V69,X69) -> 0 | AB69: =Y69-D69 -> 0 | AC69: =Z69-P69 -> 0 | AD69: =AA69-(D69+P69) -> 0
A70: kWh/Mo TTL | D70: =SUM(D38:D68) -> 15198 | F70: =SUM(F38:F68) -> 0 | H70: =SUM(H38:H68) -> 5732 | J70: =SUM(J38:J68) -> 518 | L70: =SUM(L38:L68) -> 2612 | N70: =SUM(N38:N68) -> 47 | P70: =SUM(P38:P68) -> 5089 | R70: =SUM(R38:R68) -> 288 | T70: =SUM(T38:T68) -> 1913 | V70: =SUM(V38:V68) -> 2038 | X70: =SUM(X38:X68) -> 311 | Y70: =SUM(F70,H70,J70,L70,N70) -> 8909 | Z70: =SUM(R70,T70,V70,X70) -> 4550 | AA70: =SUM(F70,H70,J70,L70,N70,R70,T70,V70,X70) -> 13459 | AB70: =D70-Y70 -> 6289 | AC70: =P70-Z70 -> 539 | AD70: =(D70+P70)-AA70 -> 6828
A71: MON | B71: 45901 | C71: 32421 | D71: =IF(C72<>"",C72-C71,"") -> 462 | E71: 0 | F71: =IF(E72<>"",E72-E71,"") | G71: 11227 | H71: =IF(G72<>"",G72-G71,"") -> 181 | I71: 805 | J71: =IF(I72<>"",I72-I71,"") -> 16 | K71: 5299 | L71: =IF(K72<>"",K72-K71,"") -> 93 | M71: 71 | N71: =IF(M72<>"",M72-M71,"") -> 1 | O71: 9945 | P71: =IF(O72<>"",O72-O71,"") -> 129 | Q71: 290 | R71: =IF(Q72<>"",Q72-Q71,"") -> 20 | S71: 3774 | T71: =IF(S72<>"",S72-S71,"") -> 30 | U71: 4671 | V71: =IF(U72<>"",U72-U71,"") -> 71 | W71: 587 | X71: =IF(W72<>"",W72-W71,"") -> 10 | Y71: =SUM(F71,H71,J71,L71,N71) -> 291 | Z71: =SUM(R71,T71,V71,X71) -> 131 | AA71: =SUM(F71,H71,J71,L71,N71,R71,T71,V71,X71) -> 422 | AB71: =Y71-D71 -> -171 | AC71: =Z71-P71 -> 2 | AD71: =AA71-(D71+P71) -> -169
A72: TUE | B72: 45902 | C72: 32883 | D72: =IF(C73<>"",C73-C72,"") -> 522 | F72: =IF(E73<>"",E73-E72,"") | G72: 11408 | H72: =IF(G73<>"",G73-G72,"") -> 196 | I72: 821 | J72: =IF(I73<>"",I73-I72,"") -> 12 | K72: 5392 | L72: =IF(K73<>"",K73-K72,"") -> 104 | M72: 72 | N72: =IF(M73<>"",M73-M72,"") -> 2 | O72: 10074 | P72: =IF(O73<>"",O73-O72,"") -> 166 | Q72: 310 | R72: =IF(Q73<>"",Q73-Q72,"") -> 39 | S72: 3804 | T72: =IF(S73<>"",S73-S72,"") -> 38 | U72: 4742 | V72: =IF(U73<>"",U73-U72,"") -> 75 | W72: 597 | X72: =IF(W73<>"",W73-W72,"") -> 13 | Y72: =SUM(F72,H72,J72,L72,N72) -> 314 | Z72: =SUM(R72,T72,V72,X72) -> 165 | AA72: =SUM(F72,H72,J72,L72,N72,R72,T72,V72,X72) -> 479 | AB72: =Y72-D72 -> -208 | AC72: =Z72-P72 -> -1 | AD72: =AA72-(D72+P72) -> -209
A73: WED | B73: 45903 | C73: 33405 | D73: =IF(C74<>"",C74-C73,"") -> 544 | F73: =IF(E74<>"",E74-E73,"") | G73: 11604 | H73: =IF(G74<>"",G74-G73,"") -> 178 | I73: 833 | J73: =IF(I74<>"",I74-I73,"") -> 11 | K73: 5496 | L73: =IF(K74<>"",K74-K73,"") -> 0 | M73: 74 | N73: =IF(M74<>"",M74-M73,"") -> 1 | O73: 10240 | P73: =IF(O74<>"",O74-O73,"") -> 149 | Q73: 349 | R73: =IF(Q74<>"",Q74-Q73,"") -> 51 | S73: 3842 | T73: =IF(S74<>"",S74-S73,"") -> 18 | U73: 4817 | V73: =IF(U74<>"",U74-U73,"") -> 67 | W73: 610 | X73: =IF(W74<>"",W74-W73,"") -> 12 | Y73: =SUM(F73,H73,J73,L73,N73) -> 190 | Z73: =SUM(R73,T73,V73,X73) -> 148 | AA73: =SUM(F73,H73,J73,L73,N73,R73,T73,V73,X73) -> 338 | AB73: =Y73-D73 -> -354 | AC73: =Z73-P73 -> -1 | AD73: =AA73-(D73+P73) -> -355
A74: THU | B74: 45904 | C74: 33949 | D74: =IF(C75<>"",C75-C74,"") -> 584 | F74: =IF(E75<>"",E75-E74,"") | G74: 11782 | H74: =IF(G75<>"",G75-G74,"") -> 205 | I74: 844 | J74: =IF(I75<>"",I75-I74,"") -> 20 | K74: 5496 | L74: =IF(K75<>"",K75-K74,"") -> 192 | M74: 75 | N74: =IF(M75<>"",M75-M74,"") -> 1 | O74: 10389 | P74: =IF(O75<>"",O75-O74,"") -> 200 | Q74: 400 | R74: =IF(Q75<>"",Q75-Q74,"") -> 55 | S74: 3860 | T74: =IF(S75<>"",S75-S74,"") -> 47 | U74: 4884 | V74: =IF(U75<>"",U75-U74,"") -> 65 | W74: 622 | X74: =IF(W75<>"",W75-W74,"") -> 13 | Y74: =SUM(F74,H74,J74,L74,N74) -> 418 | Z74: =SUM(R74,T74,V74,X74) -> 180 | AA74: =SUM(F74,H74,J74,L74,N74,R74,T74,V74,X74) -> 598 | AB74: =Y74-D74 -> -166 | AC74: =Z74-P74 -> -20 | AD74: =AA74-(D74+P74) -> -186
A75: FRI | B75: 45905 | C75: 34533 | D75: =IF(C76<>"",C76-C75,"") -> 509 | F75: =IF(E76<>"",E76-E75,"") | G75: 11987 | H75: =IF(G76<>"",G76-G75,"") -> 170 | I75: 864 | J75: =IF(I76<>"",I76-I75,"") -> 20 | K75: 5688 | L75: =IF(K76<>"",K76-K75,"") -> 86 | M75: 76 | N75: =IF(M76<>"",M76-M75,"") -> 2 | O75: 10589 | P75: =IF(O76<>"",O76-O75,"") -> 204 | Q75: 455 | R75: =IF(Q76<>"",Q76-Q75,"") -> 68 | S75: 3907 | T75: =IF(S76<>"",S76-S75,"") -> 63 | U75: 4949 | V75: =IF(U76<>"",U76-U75,"") -> 65 | W75: 635 | X75: =IF(W76<>"",W76-W75,"") -> 8 | Y75: =SUM(F75,H75,J75,L75,N75) -> 278 | Z75: =SUM(R75,T75,V75,X75) -> 204 | AA75: =SUM(F75,H75,J75,L75,N75,R75,T75,V75,X75) -> 482 | AB75: =Y75-D75 -> -231 | AC75: =Z75-P75 -> 0 | AD75: =AA75-(D75+P75) -> -231
A76: SAT | B76: 45906 | C76: 35042 | D76: =IF(C77<>"",C77-C76,"") -> 4 | F76: =IF(E77<>"",E77-E76,"") | G76: 12157 | H76: =IF(G77<>"",G77-G76,"") -> 0 | I76: 884 | J76: =IF(I77<>"",I77-I76,"") -> 0 | K76: 5774 | L76: =IF(K77<>"",K77-K76,"") -> 3 | M76: 78 | N76: =IF(M77<>"",M77-M76,"") -> 0 | O76: 10793 | P76: =IF(O77<>"",O77-O76,"") -> 15 | Q76: 523 | R76: =IF(Q77<>"",Q77-Q76,"") -> 0 | S76: 3970 | T76: =IF(S77<>"",S77-S76,"") -> 9 | U76: 5014 | V76: =IF(U77<>"",U77-U76,"") -> 1 | W76: 643 | X76: =IF(W77<>"",W77-W76,"") -> 4 | Y76: =SUM(F76,H76,J76,L76,N76) -> 3 | Z76: =SUM(R76,T76,V76,X76) -> 14 | AA76: =SUM(F76,H76,J76,L76,N76,R76,T76,V76,X76) -> 17 | AB76: =Y76-D76 -> -1 | AC76: =Z76-P76 -> -1 | AD76: =AA76-(D76+P76) -> -2
A77: SUN | B77: 45907 | C77: 35046 | D77: =IF(C78<>"",C78-C77,"") -> 5 | F77: =IF(E78<>"",E78-E77,"") | G77: 12157 | H77: =IF(G78<>"",G78-G77,"") -> 0 | I77: 884 | J77: =IF(I78<>"",I78-I77,"") -> 0 | K77: 5777 | L77: =IF(K78<>"",K78-K77,"") -> 3 | M77: 78 | N77: =IF(M78<>"",M78-M77,"") -> 0 | O77: 10808 | P77: =IF(O78<>"",O78-O77,"") -> 15 | Q77: 523 | R77: =IF(Q78<>"",Q78-Q77,"") -> 0 | S77: 3979 | T77: =IF(S78<>"",S78-S77,"") -> 8 | U77: 5015 | V77: =IF(U78<>"",U78-U77,"") -> 3 | W77: 647 | X77: =IF(W78<>"",W78-W77,"") -> 3 | Y77: =SUM(F77,H77,J77,L77,N77) -> 3 | Z77: =SUM(R77,T77,V77,X77) -> 14 | AA77: =SUM(F77,H77,J77,L77,N77,R77,T77,V77,X77) -> 17 | AB77: =Y77-D77 -> -2 | AC77: =Z77-P77 -> -1 | AD77: =AA77-(D77+P77) -> -3
A78: MON | B78: 45908 | C78: 35051 | D78: =IF(C79<>"",C79-C78,"") -> 537 | F78: =IF(E79<>"",E79-E78,"") | G78: 12157 | H78: =IF(G79<>"",G79-G78,"") -> 185 | I78: 884 | J78: =IF(I79<>"",I79-I78,"") -> 19 | K78: 5780 | L78: =IF(K79<>"",K79-K78,"") -> 93 | M78: 78 | N78: =IF(M79<>"",M79-M78,"") -> 1 | O78: 10823 | P78: =IF(O79<>"",O79-O78,"") -> 227 | Q78: 523 | R78: =IF(Q79<>"",Q79-Q78,"") -> 66 | S78: 3987 | T78: =IF(S79<>"",S79-S78,"") -> 81 | U78: 5018 | V78: =IF(U79<>"",U79-U78,"") -> 68 | W78: 650 | X78: =IF(W79<>"",W79-W78,"") -> 13 | Y78: =SUM(F78,H78,J78,L78,N78) -> 298 | Z78: =SUM(R78,T78,V78,X78) -> 228 | AA78: =SUM(F78,H78,J78,L78,N78,R78,T78,V78,X78) -> 526 | AB78: =Y78-D78 -> -239 | AC78: =Z78-P78 -> 1 | AD78: =AA78-(D78+P78) -> -238
A79: TUE | B79: 45909 | C79: 35588 | D79: =IF(C80<>"",C80-C79,"") -> 568 | F79: =IF(E80<>"",E80-E79,"") | G79: 12342 | H79: =IF(G80<>"",G80-G79,"") -> 192 | I79: 903 | J79: =IF(I80<>"",I80-I79,"") -> 25 | K79: 5873 | L79: =IF(K80<>"",K80-K79,"") -> 97 | M79: 79 | N79: =IF(M80<>"",M80-M79,"") -> 2 | O79: 11050 | P79: =IF(O80<>"",O80-O79,"") -> 227 | Q79: 589 | R79: =IF(Q80<>"",Q80-Q79,"") -> 50 | S79: 4068 | T79: =IF(S80<>"",S80-S79,"") -> 97 | U79: 5086 | V79: =IF(U80<>"",U80-U79,"") -> 69 | W79: 663 | X79: =IF(W80<>"",W80-W79,"") -> 11 | Y79: =SUM(F79,H79,J79,L79,N79) -> 316 | Z79: =SUM(R79,T79,V79,X79) -> 227 | AA79: =SUM(F79,H79,J79,L79,N79,R79,T79,V79,X79) -> 543 | AB79: =Y79-D79 -> -252 | AC79: =Z79-P79 -> 0 | AD79: =AA79-(D79+P79) -> -252
A80: WED | B80: 45910 | C80: 36156 | D80: =IF(C81<>"",C81-C80,"") -> 531 | F80: =IF(E81<>"",E81-E80,"") | G80: 12534 | H80: =IF(G81<>"",G81-G80,"") -> 195 | I80: 928 | J80: =IF(I81<>"",I81-I80,"") -> 23 | K80: 5970 | L80: =IF(K81<>"",K81-K80,"") -> 90 | M80: 81 | N80: =IF(M81<>"",M81-M80,"") -> 1 | O80: 11277 | P80: =IF(O81<>"",O81-O80,"") -> 286 | Q80: 639 | R80: =IF(Q81<>"",Q81-Q80,"") -> 97 | S80: 4165 | T80: =IF(S81<>"",S81-S80,"") -> 90 | U80: 5155 | V80: =IF(U81<>"",U81-U80,"") -> 65 | W80: 674 | X80: =IF(W81<>"",W81-W80,"") -> 12 | Y80: =SUM(F80,H80,J80,L80,N80) -> 309 | Z80: =SUM(R80,T80,V80,X80) -> 264 | AA80: =SUM(F80,H80,J80,L80,N80,R80,T80,V80,X80) -> 573 | AB80: =Y80-D80 -> -222 | AC80: =Z80-P80 -> -22 | AD80: =AA80-(D80+P80) -> -244
A81: THU | B81: 45911 | C81: 36687 | D81: =IF(C82<>"",C82-C81,"") -> 581 | F81: =IF(E82<>"",E82-E81,"") | G81: 12729 | H81: =IF(G82<>"",G82-G81,"") -> 212 | I81: 951 | J81: =IF(I82<>"",I82-I81,"") -> 26 | K81: 6060 | L81: =IF(K82<>"",K82-K81,"") -> 106 | M81: 82 | N81: =IF(M82<>"",M82-M81,"") -> 2 | O81: 11563 | P81: =IF(O82<>"",O82-O81,"") -> 311 | Q81: 736 | R81: =IF(Q82<>"",Q82-Q81,"") -> 122 | S81: 4255 | T81: =IF(S82<>"",S82-S81,"") -> 97 | U81: 5220 | V81: =IF(U82<>"",U82-U81,"") -> 82 | W81: 686 | X81: =IF(W82<>"",W82-W81,"") -> 4 | Y81: =SUM(F81,H81,J81,L81,N81) -> 346 | Z81: =SUM(R81,T81,V81,X81) -> 305 | AA81: =SUM(F81,H81,J81,L81,N81,R81,T81,V81,X81) -> 651 | AB81: =Y81-D81 -> -235 | AC81: =Z81-P81 -> -6 | AD81: =AA81-(D81+P81) -> -241
A82: FRI | B82: 45912 | C82: 37268 | D82: =IF(C83<>"",C83-C82,"") -> 521 | F82: =IF(E83<>"",E83-E82,"") | G82: 12941 | H82: =IF(G83<>"",G83-G82,"") -> 183 | I82: 977 | J82: =IF(I83<>"",I83-I82,"") -> 23 | K82: 6166 | L82: =IF(K83<>"",K83-K82,"") -> 93 | M82: 84 | N82: =IF(M83<>"",M83-M82,"") -> 2 | O82: 11874 | P82: =IF(O83<>"",O83-O82,"") -> 265 | Q82: 858 | R82: =IF(Q83<>"",Q83-Q82,"") -> 75 | S82: 4352 | T82: =IF(S83<>"",S83-S82,"") -> 105 | U82: 5302 | V82: =IF(U83<>"",U83-U82,"") -> 75 | W82: 690 | X82: =IF(W83<>"",W83-W82,"") -> 19 | Y82: =SUM(F82,H82,J82,L82,N82) -> 301 | Z82: =SUM(R82,T82,V82,X82) -> 274 | AA82: =SUM(F82,H82,J82,L82,N82,R82,T82,V82,X82) -> 575 | AB82: =Y82-D82 -> -220 | AC82: =Z82-P82 -> 9 | AD82: =AA82-(D82+P82) -> -211
A83: SAT | B83: 45913 | C83: 37789 | D83: =IF(C84<>"",C84-C83,"") -> 497 | F83: =IF(E84<>"",E84-E83,"") | G83: 13124 | H83: =IF(G84<>"",G84-G83,"") -> 173 | I83: 1000 | J83: =IF(I84<>"",I84-I83,"") -> 15 | K83: 6259 | L83: =IF(K84<>"",K84-K83,"") -> 96 | M83: 86 | N83: =IF(M84<>"",M84-M83,"") -> 1 | O83: 12139 | P83: =IF(O84<>"",O84-O83,"") -> 239 | Q83: 933 | R83: =IF(Q84<>"",Q84-Q83,"") -> 70 | S83: 4457 | T83: =IF(S84<>"",S84-S83,"") -> 84 | U83: 5377 | V83: =IF(U84<>"",U84-U83,"") -> 75 | W83: 709 | X83: =IF(W84<>"",W84-W83,"") -> 9 | Y83: =SUM(F83,H83,J83,L83,N83) -> 285 | Z83: =SUM(R83,T83,V83,X83) -> 238 | AA83: =SUM(F83,H83,J83,L83,N83,R83,T83,V83,X83) -> 523 | AB83: =Y83-D83 -> -212 | AC83: =Z83-P83 -> -1 | AD83: =AA83-(D83+P83) -> -213
... A100: TUE | B100: 45930 | C100: 47107 | D100: =IF(C101<>"",C101-C100,"") -> 729 | F100: =IF(E101<>"",E101-E100,"") | G100: 16152 | H100: =IF(G101<>"",G101-G100,"") -> 251 | I100: 1444 | J100: =IF(I101<>"",I101-I100,"") -> 23 | K100: 7957 | L100: =IF(K101<>"",K101-K100,"") -> 136 | M100: 109 | N100: =IF(M101<>"",M101-M100,"") -> 2 | O100: 16447 | P100: =IF(O101<>"",O101-O100,"") -> 227 | Q100: 2015 | R100: =IF(Q101<>"",Q101-Q100,"") -> 10 | S100: 6071 | T100: =IF(S101<>"",S101-S100,"") -> 86 | U100: 6760 | V100: =IF(U101<>"",U101-U100,"") -> 116 | W100: 906 | X100: =IF(W101<>"",W101-W100,"") -> 14 | Y100: =SUM(F100,H100,J100,L100,N100) -> 412 | Z100: =SUM(R100,T100,V100,X100) -> 226 | AA100: =SUM(F100,H100,J100,L100,N100,R100,T100,V100,X100) -> 638 | AB100: =Y100-D100 -> -317 | AC100: =Z100-P100 -> -1 | AD100: =AA100-(D100+P100) -> -318
A101: WED | B101: 45931 | C101: 47836 | D101: =IF(C103<>"",C103-C101,"") -> 0 | F101: =IF(E103<>"",E103-E101,"") | G101: 16403 | H101: =IF(G103<>"",G103-G101,"") -> 0 | I101: 1467 | J101: =IF(I103<>"",I103-I101,"") -> 0 | K101: 8093 | L101: =IF(K103<>"",K103-K101,"") -> 0 | M101: 111 | N101: =IF(M103<>"",M103-M101,"") -> 0 | O101: 16674 | P101: =IF(O103<>"",O103-O101,"") -> 0 | Q101: 2025 | R101: =IF(Q103<>"",Q103-Q101,"") -> 0 | S101: 6157 | T101: =IF(S103<>"",S103-S101,"") -> 0 | U101: 6876 | V101: =IF(U103<>"",U103-U101,"") -> 0 | W101: 920 | X101: =IF(W103<>"",W103-W101,"") -> 0 | Y101: =SUM(F101,H101,J101,L101,N101) -> 0 | Z101: =SUM(R101,T101,V101,X101) -> 0 | AA101: =SUM(F101,H101,J101,L101,N101,R101,T101,V101,X101) -> 0 | AB101: =Y101-D101 -> 0 | AC101: =Z101-P101 -> 0 | AD101: =AA101-(D101+P101) -> 0
A102: kWh/Mo TTL | D102: =SUM(D71:D101) -> 15415 | F102: =SUM(F71:F101) -> 0 | H102: =SUM(H71:H101) -> 5176 | J102: =SUM(J71:J101) -> 662 | L102: =SUM(L71:L101) -> 2794 | N102: =SUM(N71:N101) -> 40 | P102: =SUM(P71:P101) -> 6729 | R102: =SUM(R71:R101) -> 1735 | T102: =SUM(T71:T101) -> 2383 | V102: =SUM(V71:V101) -> 2205 | X102: =SUM(X71:X101) -> 333 | Y102: =SUM(F102,H102,J102,L102,N102) -> 8672 | Z102: =SUM(R102,T102,V102,X102) -> 6656 | AA102: =SUM(F102,H102,J102,L102,N102,R102,T102,V102,X102) -> 15328 | AB102: =D102-Y102 -> 6743 | AC102: =P102-Z102 -> 73 | AD102: =(D102+P102)-AA102 -> 6816
A103: WED | B103: 45931 | C103: 47836 | D103: =IF(C104<>"",C104-C103,"") -> 566 | F103: =IF(E104<>"",E104-E103,"") | G103: 16403 | H103: =IF(G104<>"",G104-G103,"") -> 186 | I103: 1467 | J103: =IF(I104<>"",I104-I103,"") -> 18 | K103: 8093 | L103: =IF(K104<>"",K104-K103,"") -> 112 | M103: 111 | N103: =IF(M104<>"",M104-M103,"") -> 1 | O103: 16674 | P103: =IF(O104<>"",O104-O103,"") -> 286 | Q103: 2025 | R103: =IF(Q104<>"",Q104-Q103,"") -> 78 | S103: 6157 | T103: =IF(S104<>"",S104-S103,"") -> 97 | U103: 6876 | V103: =IF(U104<>"",U104-U103,"") -> 98 | W103: 920 | X103: =IF(W104<>"",W104-W103,"") -> 13 | Y103: =SUM(F103,H103,J103,L103,N103) -> 317 | Z103: =SUM(R103,T103,V103,X103) -> 286 | AA103: =SUM(F103,H103,J103,L103,N103,R103,T103,V103,X103) -> 603 | AB103: =D103-Y103 -> 249 | AC103: =P103-Z103 -> 0 | AD103: =(D103+P103)-AA103 -> 249
A104: THU | B104: 45932 | C104: 48402 | D104: =IF(C105<>"",C105-C104,"") -> 649 | F104: =IF(E105<>"",E105-E104,"") | G104: 16589 | H104: =IF(G105<>"",G105-G104,"") -> 221 | I104: 1485 | J104: =IF(I105<>"",I105-I104,"") -> 21 | K104: 8205 | L104: =IF(K105<>"",K105-K104,"") -> 123 | M104: 112 | N104: =IF(M105<>"",M105-M104,"") -> 2 | O104: 16960 | P104: =IF(O105<>"",O105-O104,"") -> 317 | Q104: 2103 | R104: =IF(Q105<>"",Q105-Q104,"") -> 100 | S104: 6254 | T104: =IF(S105<>"",S105-S104,"") -> 110 | U104: 6974 | V104: =IF(U105<>"",U105-U104,"") -> 98 | W104: 933 | X104: =IF(W105<>"",W105-W104,"") -> 12 | Y104: =SUM(F104,H104,J104,L104,N104) -> 367 | Z104: =SUM(R104,T104,V104,X104) -> 320 | AA104: =SUM(F104,H104,J104,L104,N104,R104,T104,V104,X104) -> 687 | AB104: =D104-Y104 -> 282 | AC104: =P104-Z104 -> -3 | AD104: =(D104+P104)-AA104 -> 279
A105: FRI | B105: 45933 | C105: 49051 | D105: =IF(C106<>"",C106-C105,"") -> 578 | F105: =IF(E106<>"",E106-E105,"") | G105: 16810 | H105: =IF(G106<>"",G106-G105,"") -> 181 | I105: 1506 | J105: =IF(I106<>"",I106-I105,"") -> 30 | K105: 8328 | L105: =IF(K106<>"",K106-K105,"") -> 109 | M105: 114 | N105: =IF(M106<>"",M106-M105,"") -> 1 | O105: 17277 | P105: =IF(O106<>"",O106-O105,"") -> 254 | Q105: 2203 | R105: =IF(Q106<>"",Q106-Q105,"") -> 86 | S105: 6364 | T105: =IF(S106<>"",S106-S105,"") -> 78 | U105: 7072 | V105: =IF(U106<>"",U106-U105,"") -> 77 | W105: 945 | X105: =IF(W106<>"",W106-W105,"") -> 12 | Y105: =SUM(F105,H105,J105,L105,N105) -> 321 | Z105: =SUM(R105,T105,V105,X105) -> 253 | AA105: =SUM(F105,H105,J105,L105,N105,R105,T105,V105,X105) -> 574 | AB105: =D105-Y105 -> 257 | AC105: =P105-Z105 -> 1 | AD105: =(D105+P105)-AA105 -> 258
A106: SAT | B106: 45934 | C106: 49629 | D106: =IF(C107<>"",C107-C106,"") -> 554 | F106: =IF(E107<>"",E107-E106,"") | G106: 16991 | H106: =IF(G107<>"",G107-G106,"") -> 172 | I106: 1536 | J106: =IF(I107<>"",I107-I106,"") -> 14 | K106: 8437 | L106: =IF(K107<>"",K107-K106,"") -> 107 | M106: 115 | N106: =IF(M107<>"",M107-M106,"") -> 2 | O106: 17531 | P106: =IF(O107<>"",O107-O106,"") -> 256 | Q106: 2289 | R106: =IF(Q107<>"",Q107-Q106,"") -> 95 | S106: 6442 | T106: =IF(S107<>"",S107-S106,"") -> 66 | U106: 7149 | V106: =IF(U107<>"",U107-U106,"") -> 82 | W106: 957 | X106: =IF(W107<>"",W107-W106,"") -> 14 | Y106: =SUM(F106,H106,J106,L106,N106) -> 295 | Z106: =SUM(R106,T106,V106,X106) -> 257 | AA106: =SUM(F106,H106,J106,L106,N106,R106,T106,V106,X106) -> 552 | AB106: =D106-Y106 -> 259 | AC106: =P106-Z106 -> -1 | AD106: =(D106+P106)-AA106 -> 258
A107: SUN | B107: 45935 | C107: 50183 | D107: =IF(C108<>"",C108-C107,"") -> 33 | F107: =IF(E108<>"",E108-E107,"") | G107: 17163 | H107: =IF(G108<>"",G108-G107,"") -> 14 | I107: 1550 | J107: =IF(I108<>"",I108-I107,"") -> 1 | K107: 8544 | L107: =IF(K108<>"",K108-K107,"") -> 9 | M107: 117 | N107: =IF(M108<>"",M108-M107,"") -> 0 | O107: 17787 | P107: =IF(O108<>"",O108-O107,"") -> 27 | Q107: 2384 | R107: =IF(Q108<>"",Q108-Q107,"") -> 4 | S107: 6508 | T107: =IF(S108<>"",S108-S107,"") -> 9 | U107: 7231 | V107: =IF(U108<>"",U108-U107,"") -> 9 | W107: 971 | X107: =IF(W108<>"",W108-W107,"") -> 2 | Y107: =SUM(F107,H107,J107,L107,N107) -> 24 | Z107: =SUM(R107,T107,V107,X107) -> 24 | AA107: =SUM(F107,H107,J107,L107,N107,R107,T107,V107,X107) -> 48 | AB107: =D107-Y107 -> 9 | AC107: =P107-Z107 -> 3 | AD107: =(D107+P107)-AA107 -> 12
A108: MON | B108: 45936 | C108: 50216 | D108: =IF(C109<>"",C109-C108,"") -> 555 | F108: =IF(E109<>"",E109-E108,"") | G108: 17177 | H108: =IF(G109<>"",G109-G108,"") -> 172 | I108: 1551 | J108: =IF(I109<>"",I109-I108,"") -> 2 | K108: 8553 | L108: =IF(K109<>"",K109-K108,"") -> 111 | M108: 117 | N108: =IF(M109<>"",M109-M108,"") -> 2 | O108: 17814 | P108: =IF(O109<>"",O109-O108,"") -> 218 | Q108: 2388 | R108: =IF(Q109<>"",Q109-Q108,"") -> 92 | S108: 6517 | T108: =IF(S109<>"",S109-S108,"") -> 18 | U108: 7240 | V108: =IF(U109<>"",U109-U108,"") -> 92 | W108: 973 | X108: =IF(W109<>"",W109-W108,"") -> 14 | Y108: =SUM(F108,H108,J108,L108,N108) -> 287 | Z108: =SUM(R108,T108,V108,X108) -> 216 | AA108: =SUM(F108,H108,J108,L108,N108,R108,T108,V108,X108) -> 503 | AB108: =D108-Y108 -> 268 | AC108: =P108-Z108 -> 2 | AD108: =(D108+P108)-AA108 -> 270
A109: TUE | B109: 45937 | C109: 50771 | D109: =IF(C110<>"",C110-C109,"") -> 575 | F109: =IF(E110<>"",E110-E109,"") | G109: 17349 | H109: =IF(G110<>"",G110-G109,"") -> 167 | I109: 1553 | J109: =IF(I110<>"",I110-I109,"") -> 2 | K109: 8664 | L109: =IF(K110<>"",K110-K109,"") -> 103 | M109: 119 | N109: =IF(M110<>"",M110-M109,"") -> 3 | O109: 18032 | P109: =IF(O110<>"",O110-O109,"") -> 226 | Q109: 2480 | R109: =IF(Q110<>"",Q110-Q109,"") -> 106 | S109: 6535 | T109: =IF(S110<>"",S110-S109,"") -> 17 | U109: 7332 | V109: =IF(U110<>"",U110-U109,"") -> 93 | W109: 987 | X109: =IF(W110<>"",W110-W109,"") -> 11 | Y109: =SUM(F109,H109,J109,L109,N109) -> 275 | Z109: =SUM(R109,T109,V109,X109) -> 227 | AA109: =SUM(F109,H109,J109,L109,N109,R109,T109,V109,X109) -> 502 | AB109: =D109-Y109 -> 300 | AC109: =P109-Z109 -> -1 | AD109: =(D109+P109)-AA109 -> 299
A110: WED | B110: 45938 | C110: 51346 | D110: =IF(C111<>"",C111-C110,"") -> 571 | F110: =IF(E111<>"",E111-E110,"") | G110: 17516 | H110: =IF(G111<>"",G111-G110,"") -> 173 | I110: 1555 | J110: =IF(I111<>"",I111-I110,"") -> 2 | K110: 8767 | L110: =IF(K111<>"",K111-K110,"") -> 117 | M110: 122 | N110: =IF(M111<>"",M111-M110,"") -> 2 | O110: 18258 | P110: =IF(O111<>"",O111-O110,"") -> 221 | Q110: 2586 | R110: =IF(Q111<>"",Q111-Q110,"") -> 90 | S110: 6552 | T110: =IF(S111<>"",S111-S110,"") -> 19 | U110: 7425 | V110: =IF(U111<>"",U111-U110,"") -> 99 | W110: 998 | X110: =IF(W111<>"",W111-W110,"") -> 13 | Y110: =SUM(F110,H110,J110,L110,N110) -> 294 | Z110: =SUM(R110,T110,V110,X110) -> 221 | AA110: =SUM(F110,H110,J110,L110,N110,R110,T110,V110,X110) -> 515 | AB110: =D110-Y110 -> 277 | AC110: =P110-Z110 -> 0 | AD110: =(D110+P110)-AA110 -> 277
A111: THU | B111: 45939 | C111: 51917 | D111: =IF(C112<>"",C112-C111,"") -> 546 | F111: =IF(E112<>"",E112-E111,"") | G111: 17689 | H111: =IF(G112<>"",G112-G111,"") -> 165 | I111: 1557 | J111: =IF(I112<>"",I112-I111,"") -> 3 | K111: 8884 | L111: =IF(K112<>"",K112-K111,"") -> 103 | M111: 124 | N111: =IF(M112<>"",M112-M111,"") -> 2 | O111: 18479 | P111: =IF(O112<>"",O112-O111,"") -> 218 | Q111: 2676 | R111: =IF(Q112<>"",Q112-Q111,"") -> 95 | S111: 6571 | T111: =IF(S112<>"",S112-S111,"") -> 23 | U111: 7524 | V111: =IF(U112<>"",U112-U111,"") -> 86 | W111: 1011 | X111: =IF(W112<>"",W112-W111,"") -> 11 | Y111: =SUM(F111,H111,J111,L111,N111) -> 273 | Z111: =SUM(R111,T111,V111,X111) -> 215 | AA111: =SUM(F111,H111,J111,L111,N111,R111,T111,V111,X111) -> 488 | AB111: =D111-Y111 -> 273 | AC111: =P111-Z111 -> 3 | AD111: =(D111+P111)-AA111 -> 276
A112: FRI | B112: 45940 | C112: 52463 | D112: =IF(C113<>"",C113-C112,"") -> 444 | F112: =IF(E113<>"",E113-E112,"") | G112: 17854 | H112: =IF(G113<>"",G113-G112,"") -> 121 | I112: 1560 | J112: =IF(I113<>"",I113-I112,"") -> 5 | K112: 8987 | L112: =IF(K113<>"",K113-K112,"") -> 103 | M112: 126 | N112: =IF(M113<>"",M113-M112,"") -> 2 | O112: 18697 | P112: =IF(O113<>"",O113-O112,"") -> 245 | Q112: 2771 | R112: =IF(Q113<>"",Q113-Q112,"") -> 100 | S112: 6594 | T112: =IF(S113<>"",S113-S112,"") -> 31 | U112: 7610 | V112: =IF(U113<>"",U113-U112,"") -> 99 | W112: 1022 | X112: =IF(W113<>"",W113-W112,"") -> 15 | Y112: =SUM(F112,H112,J112,L112,N112) -> 231 | Z112: =SUM(R112,T112,V112,X112) -> 245 | AA112: =SUM(F112,H112,J112,L112,N112,R112,T112,V112,X112) -> 476 | AB112: =D112-Y112 -> 213 | AC112: =P112-Z112 -> 0 | AD112: =(D112+P112)-AA112 -> 213
A113: SAT | B113: 45941 | C113: 52907 | D113: =IF(C114<>"",C114-C113,"") -> 473 | F113: =IF(E114<>"",E114-E113,"") | G113: 17975 | H113: =IF(G114<>"",G114-G113,"") -> 84 | I113: 1565 | J113: =IF(I114<>"",I114-I113,"") -> 5 | K113: 9090 | L113: =IF(K114<>"",K114-K113,"") -> 113 | M113: 128 | N113: =IF(M114<>"",M114-M113,"") -> 2 | O113: 18942 | P113: =IF(O114<>"",O114-O113,"") -> 218 | Q113: 2871 | R113: =IF(Q114<>"",Q114-Q113,"") -> 96 | S113: 6625 | T113: =IF(S114<>"",S114-S113,"") -> 21 | U113: 7709 | V113: =IF(U114<>"",U114-U113,"") -> 88 | W113: 1037 | X113: =IF(W114<>"",W114-W113,"") -> 11 | Y113: =SUM(F113,H113,J113,L113,N113) -> 204 | Z113: =SUM(R113,T113,V113,X113) -> 216 | AA113: =SUM(F113,H113,J113,L113,N113,R113,T113,V113,X113) -> 420 | AB113: =D113-Y113 -> 269 | AC113: =P113-Z113 -> 2 | AD113: =(D113+P113)-AA113 -> 271
A114: SUN | B114: 45942 | C114: 53380 | D114: =IF(C115<>"",C115-C114,"") -> 61 | F114: =IF(E115<>"",E115-E114,"") | G114: 18059 | H114: =IF(G115<>"",G115-G114,"") -> 1 | I114: 1570 | J114: =IF(I115<>"",I115-I114,"") -> 0 | K114: 9203 | L114: =IF(K115<>"",K115-K114,"") -> 3 | M114: 130 | N114: =IF(M115<>"",M115-M114,"") -> 0 | O114: 19160 | P114: =IF(O115<>"",O115-O114,"") -> 7 | Q114: 2967 | R114: =IF(Q115<>"",Q115-Q114,"") -> 0 | S114: 6646 | T114: =IF(S115<>"",S115-S114,"") -> 0 | U114: 7797 | V114: =IF(U115<>"",U115-U114,"") -> 0 | W114: 1048 | X114: =IF(W115<>"",W115-W114,"") -> 5 | Y114: =SUM(F114,H114,J114,L114,N114) -> 4 | Z114: =SUM(R114,T114,V114,X114) -> 5 | AA114: =SUM(F114,H114,J114,L114,N114,R114,T114,V114,X114) -> 9 | AB114: =D114-Y114 -> 57 | AC114: =P114-Z114 -> 2 | AD114: =(D114+P114)-AA114 -> 59
... A134: SAT | B134: 45962 | C134: 64102 | D134: =IF(C135<>"",C135-C134,"") | F134: =IF(E135<>"",E135-E134,"") | G134: 19669 | H134: =IF(G135<>"",G135-G134,"") | I134: 1768 | J134: =IF(I135<>"",I135-I134,"") | K134: 11991 | L134: =IF(K135<>"",K135-K134,"") | M134: 165 | N134: =IF(M135<>"",M135-M134,"") | O134: 23375 | P134: =IF(O135<>"",O135-O134,"") | Q134: 4054 | R134: =IF(Q135<>"",Q135-Q134,"") | S134: 7216 | T134: =IF(S135<>"",S135-S134,"") | U134: 10039 | V134: =IF(U135<>"",U135-U134,"") | W134: 1170 | X134: =IF(W135<>"",W135-W134,"") | Y134: =SUM(F134,H134,J134,L134,N134) -> 0 | Z134: =SUM(R134,T134,V134,X134) -> 0 | AA134: =SUM(F134,H134,J134,L134,N134,R134,T134,V134,X134) -> 0 | AB134: =D134-Y134 -> #VALUE! | AC134: =P134-Z134 -> #VALUE! | AD134: =(D134+P134)-AA134 -> #VALUE!
A135: kWh/Mo TTL | D135: =SUM(D103:D134) -> 16266 | F135: =SUM(F104:F134) -> 0 | H135: =SUM(H103:H134) -> 3266 | J135: =SUM(J103:J134) -> 301 | L135: =SUM(L103:L134) -> 3898 | N135: =SUM(N103:N134) -> 54 | P135: =SUM(P103:P134) -> 6701 | R135: =SUM(R103:R134) -> 2029 | T135: =SUM(T103:T134) -> 1059 | V135: =SUM(V103:V134) -> 3163 | X135: =SUM(X103:X134) -> 250 | Y135: =SUM(F135,H135,J135,L135,N135) -> 7519 | Z135: =SUM(R135,T135,V135,X135) -> 6501 | AA135: =SUM(F135,H135,J135,L135,N135,R135,T135,V135,X135) -> 14020 | AB135: =D135-Y135 -> 8747 | AC135: =P135-Z135 -> 200 | AD135: =(D135+P135)-AA135 -> 8947
A136: SAT | B136: 45962 | C136: 64102 | D136: =IF(C137<>"",C137-C136,"") -> 488 | F136: =IF(E137<>"",E137-E136,"") | G136: 19669 | H136: =IF(G137<>"",G137-G136,"") -> 62 | I136: 1768 | J136: =IF(I137<>"",I137-I136,"") -> 4 | K136: 11991 | L136: =IF(K137<>"",K137-K136,"") -> 139 | M136: 165 | N136: =IF(M137<>"",M137-M136,"") -> 2 | O136: 23375 | P136: =IF(O137<>"",O137-O136,"") -> 198 | Q136: 4054 | R136: =IF(Q137<>"",Q137-Q136,"") -> 6 | S136: 7216 | T136: =IF(S137<>"",S137-S136,"") -> 33 | U136: 10039 | V136: =IF(U137<>"",U137-U136,"") -> 139 | W136: 1170 | X136: =IF(W137<>"",W137-W136,"") -> 3 | Y136: =SUM(F136,H136,J136,L136,N136) -> 207 | Z136: =SUM(R136,T136,V136,X136) -> 181 | AA136: =SUM(F136,H136,J136,L136,N136,R136,T136,V136,X136) -> 388 | AB136: =D136-Y136 -> 281 | AC136: =P136-Z136 -> 17 | AD136: =(D136+P136)-AA136 -> 298
A137: SUN | B137: 45963 | C137: 64590 | D137: =IF(C138<>"",C138-C137,"") -> 7 | F137: =IF(E138<>"",E138-E137,"") | G137: 19731 | H137: =IF(G138<>"",G138-G137,"") -> 1 | I137: 1772 | J137: =IF(I138<>"",I138-I137,"") -> 1 | K137: 12130 | L137: =IF(K138<>"",K138-K137,"") -> 4 | M137: 167 | N137: =IF(M138<>"",M138-M137,"") -> 2 | O137: 23573 | P137: =IF(O138<>"",O138-O137,"") -> 9 | Q137: 4060 | R137: =IF(Q138<>"",Q138-Q137,"") -> 0 | S137: 7249 | T137: =IF(S138<>"",S138-S137,"") -> 1 | U137: 10178 | V137: =IF(U138<>"",U138-U137,"") -> 1 | W137: 1173 | X137: =IF(W138<>"",W138-W137,"") -> 0 | Y137: =SUM(F137,H137,J137,L137,N137) -> 8 | Z137: =SUM(R137,T137,V137,X137) -> 2 | AA137: =SUM(F137,H137,J137,L137,N137,R137,T137,V137,X137) -> 10 | AB137: =D137-Y137 -> -1 | AC137: =P137-Z137 -> 7 | AD137: =(D137+P137)-AA137 -> 6
A138: MON | B138: 45964 | C138: 64597 | D138: =IF(C139<>"",C139-C138,"") -> 536 | F138: =IF(E139<>"",E139-E138,"") | G138: 19732 | H138: =IF(G139<>"",G139-G138,"") -> 60 | I138: 1773 | J138: =IF(I139<>"",I139-I138,"") -> 3 | K138: 12134 | L138: =IF(K139<>"",K139-K138,"") -> 127 | M138: 169 | N138: =IF(M139<>"",M139-M138,"") -> 2 | O138: 23582 | P138: =IF(O139<>"",O139-O138,"") -> 206 | Q138: 4060 | R138: =IF(Q139<>"",Q139-Q138,"") -> 18 | S138: 7250 | T138: =IF(S139<>"",S139-S138,"") -> 41 | U138: 10179 | V138: =IF(U139<>"",U139-U138,"") -> 129 | W138: 1173 | X138: =IF(W139<>"",W139-W138,"") -> 3 | Y138: =SUM(F138,H138,J138,L138,N138) -> 192 | Z138: =SUM(R138,T138,V138,X138) -> 191 | AA138: =SUM(F138,H138,J138,L138,N138,R138,T138,V138,X138) -> 383 | AB138: =D138-Y138 -> 344 | AC138: =P138-Z138 -> 15 | AD138: =(D138+P138)-AA138 -> 359
A139: TUE | B139: 45965 | C139: 65133 | D139: =IF(C140<>"",C140-C139,"") -> 482 | F139: =IF(E140<>"",E140-E139,"") | G139: 19792 | H139: =IF(G140<>"",G140-G139,"") -> 57 | I139: 1776 | J139: =IF(I140<>"",I140-I139,"") -> 1 | K139: 12261 | L139: =IF(K140<>"",K140-K139,"") -> 132 | M139: 171 | N139: =IF(M140<>"",M140-M139,"") -> 3 | O139: 23788 | P139: =IF(O140<>"",O140-O139,"") -> 269 | Q139: 4078 | R139: =IF(Q140<>"",Q140-Q139,"") -> 105 | S139: 7291 | T139: =IF(S140<>"",S140-S139,"") -> 21 | U139: 10308 | V139: =IF(U140<>"",U140-U139,"") -> 127 | W139: 1176 | X139: =IF(W140<>"",W140-W139,"") -> 2 | Y139: =SUM(F139,H139,J139,L139,N139) -> 193 | Z139: =SUM(R139,T139,V139,X139) -> 255 | AA139: =SUM(F139,H139,J139,L139,N139,R139,T139,V139,X139) -> 448 | AB139: =D139-Y139 -> 289 | AC139: =P139-Z139 -> 14 | AD139: =(D139+P139)-AA139 -> 303
A140: WED | B140: 45966 | C140: 65615 | D140: =IF(C141<>"",C141-C140,"") -> 447 | F140: =IF(E141<>"",E141-E140,"") | G140: 19849 | H140: =IF(G141<>"",G141-G140,"") -> 27 | I140: 1777 | J140: =IF(I141<>"",I141-I140,"") -> 0 | K140: 12393 | L140: =IF(K141<>"",K141-K140,"") -> 132 | M140: 174 | N140: =IF(M141<>"",M141-M140,"") -> 2 | O140: 24057 | P140: =IF(O141<>"",O141-O140,"") -> 260 | Q140: 4183 | R140: =IF(Q141<>"",Q141-Q140,"") -> 114 | S140: 7312 | T140: =IF(S141<>"",S141-S140,"") -> 8 | U140: 10435 | V140: =IF(U141<>"",U141-U140,"") -> 123 | W140: 1178 | X140: =IF(W141<>"",W141-W140,"") -> 2 | Y140: =SUM(F140,H140,J140,L140,N140) -> 161 | Z140: =SUM(R140,T140,V140,X140) -> 247 | AA140: =SUM(F140,H140,J140,L140,N140,R140,T140,V140,X140) -> 408 | AB140: =D140-Y140 -> 286 | AC140: =P140-Z140 -> 13 | AD140: =(D140+P140)-AA140 -> 299
A141: THU | B141: 45967 | C141: 66062 | D141: =IF(C142<>"",C142-C141,"") -> 497 | F141: =IF(E142<>"",E142-E141,"") | G141: 19876 | H141: =IF(G142<>"",G142-G141,"") -> 46 | I141: 1777 | J141: =IF(I142<>"",I142-I141,"") -> 0 | K141: 12525 | L141: =IF(K142<>"",K142-K141,"") -> 145 | M141: 176 | N141: =IF(M142<>"",M142-M141,"") -> 3 | O141: 24317 | P141: =IF(O142<>"",O142-O141,"") -> 242 | Q141: 4297 | R141: =IF(Q142<>"",Q142-Q141,"") -> 81 | S141: 7320 | T141: =IF(S142<>"",S142-S141,"") -> 3 | U141: 10558 | V141: =IF(U142<>"",U142-U141,"") -> 141 | W141: 1180 | X141: =IF(W142<>"",W142-W141,"") -> 4 | Y141: =SUM(F141,H141,J141,L141,N141) -> 194 | Z141: =SUM(R141,T141,V141,X141) -> 229 | AA141: =SUM(F141,H141,J141,L141,N141,R141,T141,V141,X141) -> 423 | AB141: =D141-Y141 -> 303 | AC141: =P141-Z141 -> 13 | AD141: =(D141+P141)-AA141 -> 316
A142: FRI | B142: 45968 | C142: 66559 | D142: =IF(C143<>"",C143-C142,"") -> 496 | F142: =IF(E143<>"",E143-E142,"") | G142: 19922 | H142: =IF(G143<>"",G143-G142,"") -> 51 | I142: 1777 | J142: =IF(I143<>"",I143-I142,"") -> 0 | K142: 12670 | L142: =IF(K143<>"",K143-K142,"") -> 157 | M142: 179 | N142: =IF(M143<>"",M143-M142,"") -> 4 | O142: 24559 | P142: =IF(O143<>"",O143-O142,"") -> 262 | Q142: 4378 | R142: =IF(Q143<>"",Q143-Q142,"") -> 91 | S142: 7323 | T142: =IF(S143<>"",S143-S142,"") -> 3 | U142: 10699 | V142: =IF(U143<>"",U143-U142,"") -> 150 | W142: 1184 | X142: =IF(W143<>"",W143-W142,"") -> 3 | Y142: =SUM(F142,H142,J142,L142,N142) -> 212 | Z142: =SUM(R142,T142,V142,X142) -> 247 | AA142: =SUM(F142,H142,J142,L142,N142,R142,T142,V142,X142) -> 459 | AB142: =D142-Y142 -> 284 | AC142: =P142-Z142 -> 15 | AD142: =(D142+P142)-AA142 -> 299
A143: SAT | B143: 45969 | C143: 67055 | D143: =IF(C144<>"",C144-C143,"") -> 585 | F143: =IF(E144<>"",E144-E143,"") | G143: 19973 | H143: =IF(G144<>"",G144-G143,"") -> 51 | I143: 1777 | J143: =IF(I144<>"",I144-I143,"") -> 1 | K143: 12827 | L143: =IF(K144<>"",K144-K143,"") -> 133 | M143: 183 | N143: =IF(M144<>"",M144-M143,"") -> 3 | O143: 24821 | P143: =IF(O144<>"",O144-O143,"") -> 250 | Q143: 4469 | R143: =IF(Q144<>"",Q144-Q143,"") -> 83 | S143: 7326 | T143: =IF(S144<>"",S144-S143,"") -> 0 | U143: 10849 | V143: =IF(U144<>"",U144-U143,"") -> 150 | W143: 1187 | X143: =IF(W144<>"",W144-W143,"") -> 4 | Y143: =SUM(F143,H143,J143,L143,N143) -> 188 | Z143: =SUM(R143,T143,V143,X143) -> 237 | AA143: =SUM(F143,H143,J143,L143,N143,R143,T143,V143,X143) -> 425 | AB143: =D143-Y143 -> 397 | AC143: =P143-Z143 -> 13 | AD143: =(D143+P143)-AA143 -> 410
A144: SUN | B144: 45970 | C144: 67640 | D144: =IF(C145<>"",C145-C144,"") -> 237 | F144: =IF(E145<>"",E145-E144,"") | G144: 20024 | H144: =IF(G145<>"",G145-G144,"") -> 0 | I144: 1778 | J144: =IF(I145<>"",I145-I144,"") -> 0 | K144: 12960 | L144: =IF(K145<>"",K145-K144,"") -> 84 | M144: 186 | N144: =IF(M145<>"",M145-M144,"") -> 1 | O144: 25071 | P144: =IF(O145<>"",O145-O144,"") -> 72 | Q144: 4552 | R144: =IF(Q145<>"",Q145-Q144,"") -> 0 | S144: 7326 | T144: =IF(S145<>"",S145-S144,"") -> 1 | U144: 10999 | V144: =IF(U145<>"",U145-U144,"") -> 61 | W144: 1191 | X144: =IF(W145<>"",W145-W144,"") -> 2 | Y144: =SUM(F144,H144,J144,L144,N144) -> 85 | Z144: =SUM(R144,T144,V144,X144) -> 64 | AA144: =SUM(F144,H144,J144,L144,N144,R144,T144,V144,X144) -> 149 | AB144: =D144-Y144 -> 152 | AC144: =P144-Z144 -> 8 | AD144: =(D144+P144)-AA144 -> 160
A145: MON | B145: 45971 | C145: 67877 | D145: =IF(C146<>"",C146-C145,"") -> 549 | F145: =IF(E146<>"",E146-E145,"") | G145: 20024 | H145: =IF(G146<>"",G146-G145,"") -> 51 | I145: 1778 | J145: =IF(I146<>"",I146-I145,"") -> 0 | K145: 13044 | L145: =IF(K146<>"",K146-K145,"") -> 171 | M145: 187 | N145: =IF(M146<>"",M146-M145,"") -> 4 | O145: 25143 | P145: =IF(O146<>"",O146-O145,"") -> 182 | Q145: 4552 | R145: =IF(Q146<>"",Q146-Q145,"") -> 32 | S145: 7327 | T145: =IF(S146<>"",S146-S145,"") -> 1 | U145: 11060 | V145: =IF(U146<>"",U146-U145,"") -> 132 | W145: 1193 | X145: =IF(W146<>"",W146-W145,"") -> 5 | Y145: =SUM(F145,H145,J145,L145,N145) -> 226 | Z145: =SUM(R145,T145,V145,X145) -> 170 | AA145: =SUM(F145,H145,J145,L145,N145,R145,T145,V145,X145) -> 396 | AB145: =D145-Y145 -> 323 | AC145: =P145-Z145 -> 12 | AD145: =(D145+P145)-AA145 -> 335
A146: TUE | B146: 45972 | C146: 68426 | D146: =IF(C147<>"",C147-C146,"") -> 479 | F146: =IF(E147<>"",E147-E146,"") | G146: 20075 | H146: =IF(G147<>"",G147-G146,"") -> 43 | I146: 1778 | J146: =IF(I147<>"",I147-I146,"") -> 0 | K146: 13215 | L146: =IF(K147<>"",K147-K146,"") -> 175 | M146: 191 | N146: =IF(M147<>"",M147-M146,"") -> 3 | O146: 25325 | P146: =IF(O147<>"",O147-O146,"") -> 208 | Q146: 4584 | R146: =IF(Q147<>"",Q147-Q146,"") -> 52 | S146: 7328 | T146: =IF(S147<>"",S147-S146,"") -> 1 | U146: 11192 | V146: =IF(U147<>"",U147-U146,"") -> 136 | W146: 1198 | X146: =IF(W147<>"",W147-W146,"") -> 5 | Y146: =SUM(F146,H146,J146,L146,N146) -> 221 | Z146: =SUM(R146,T146,V146,X146) -> 194 | AA146: =SUM(F146,H146,J146,L146,N146,R146,T146,V146,X146) -> 415 | AB146: =D146-Y146 -> 258 | AC146: =P146-Z146 -> 14 | AD146: =(D146+P146)-AA146 -> 272
A147: WED | B147: 45973 | C147: 68905 | D147: =IF(C148<>"",C148-C147,"") -> 537 | F147: =IF(E148<>"",E148-E147,"") | G147: 20118 | H147: =IF(G148<>"",G148-G147,"") -> 51 | I147: 1778 | J147: =IF(I148<>"",I148-I147,"") -> 0 | K147: 13390 | L147: =IF(K148<>"",K148-K147,"") -> 170 | M147: 194 | N147: =IF(M148<>"",M148-M147,"") -> 4 | O147: 25533 | P147: =IF(O148<>"",O148-O147,"") -> 308 | Q147: 4636 | R147: =IF(Q148<>"",Q148-Q147,"") -> 128 | S147: 7329 | T147: =IF(S148<>"",S148-S147,"") -> 14 | U147: 11328 | V147: =IF(U148<>"",U148-U147,"") -> 148 | W147: 1203 | X147: =IF(W148<>"",W148-W147,"") -> 3 | Y147: =SUM(F147,H147,J147,L147,N147) -> 225 | Z147: =SUM(R147,T147,V147,X147) -> 293 | AA147: =SUM(F147,H147,J147,L147,N147,R147,T147,V147,X147) -> 518 | AB147: =D147-Y147 -> 312 | AC147: =P147-Z147 -> 15 | AD147: =(D147+P147)-AA147 -> 327
A148: THU | B148: 45974 | C148: 69442 | D148: =IF(C149<>"",C149-C148,"") -> 360 | F148: =IF(E149<>"",E149-E148,"") | G148: 20169 | H148: =IF(G149<>"",G149-G148,"") -> 24 | I148: 1778 | J148: =IF(I149<>"",I149-I148,"") -> 0 | K148: 13560 | L148: =IF(K149<>"",K149-K148,"") -> 150 | M148: 198 | N148: =IF(M149<>"",M149-M148,"") -> 3 | O148: 25841 | P148: =IF(O149<>"",O149-O148,"") -> 240 | Q148: 4764 | R148: =IF(Q149<>"",Q149-Q148,"") -> 92 | S148: 7343 | T148: =IF(S149<>"",S149-S148,"") -> 8 | U148: 11476 | V148: =IF(U149<>"",U149-U148,"") -> 124 | W148: 1206 | X148: =IF(W149<>"",W149-W148,"") -> 2 | Y148: =SUM(F148,H148,J148,L148,N148) -> 177 | Z148: =SUM(R148,T148,V148,X148) -> 226 | AA148: =SUM(F148,H148,J148,L148,N148,R148,T148,V148,X148) -> 403 | AB148: =D148-Y148 -> 183 | AC148: =P148-Z148 -> 14 | AD148: =(D148+P148)-AA148 -> 197
A149: FRI | B149: 45975 | C149: 69802 | D149: =IF(C150<>"",C150-C149,"") -> 413 | F149: =IF(E150<>"",E150-E149,"") | G149: 20193 | H149: =IF(G150<>"",G150-G149,"") -> 24 | I149: 1778 | J149: =IF(I150<>"",I150-I149,"") -> 0 | K149: 13710 | L149: =IF(K150<>"",K150-K149,"") -> 127 | M149: 201 | N149: =IF(M150<>"",M150-M149,"") -> 2 | O149: 26081 | P149: =IF(O150<>"",O150-O149,"") -> 186 | Q149: 4856 | R149: =IF(Q150<>"",Q150-Q149,"") -> 53 | S149: 7351 | T149: =IF(S150<>"",S150-S149,"") -> 7 | U149: 11600 | V149: =IF(U150<>"",U150-U149,"") -> 110 | W149: 1208 | Y149: =SUM(F149,H149,J149,L149,N149) -> 153 | Z149: =SUM(R149,T149,V149,X149) -> 170 | AA149: =SUM(F149,H149,J149,L149,N149,R149,T149,V149,X149) -> 323 | AB149: =D149-Y149 -> 260 | AC149: =P149-Z149 -> 16 | AD149: =(D149+P149)-AA149 -> 276
A150: SAT | B150: 45976 | C150: 70215 | D150: =IF(C151<>"",C151-C150,"") -> 487 | F150: =IF(E151<>"",E151-E150,"") | G150: 20217 | H150: =IF(G151<>"",G151-G150,"") -> 43 | I150: 1778 | J150: =IF(I151<>"",I151-I150,"") -> 0 | K150: 13837 | L150: =IF(K151<>"",K151-K150,"") -> 149 | M150: 203 | N150: =IF(M151<>"",M151-M150,"") -> 3 | O150: 26267 | P150: =IF(O151<>"",O151-O150,"") -> 180 | Q150: 4909 | R150: =IF(Q151<>"",Q151-Q150,"") -> 22 | S150: 7358 | T150: =IF(S151<>"",S151-S150,"") -> 7 | U150: 11710 | V150: =IF(U151<>"",U151-U150,"") -> 136 | W150: 1212 | X150: =IF(W151<>"",W151-W150,"") -> 2 | Y150: =SUM(F150,H150,J150,L150,N150) -> 195 | Z150: =SUM(R150,T150,V150,X150) -> 167 | AA150: =SUM(F150,H150,J150,L150,N150,R150,T150,V150,X150) -> 362 | AB150: =D150-Y150 -> 292 | AC150: =P150-Z150 -> 13 | AD150: =(D150+P150)-AA150 -> 305
A151: SUN | B151: 45977 | C151: 70702 | D151: =IF(C152<>"",C152-C151,"") -> 18 | F151: =IF(E152<>"",E152-E151,"") | G151: 20260 | H151: =IF(G152<>"",G152-G151,"") -> 0 | I151: 1778 | J151: =IF(I152<>"",I152-I151,"") -> 0 | K151: 13986 | L151: =IF(K152<>"",K152-K151,"") -> 14 | M151: 206 | N151: =IF(M152<>"",M152-M151,"") -> 0 | O151: 26447 | P151: =IF(O152<>"",O152-O151,"") -> 5 | Q151: 4931 | R151: =IF(Q152<>"",Q152-Q151,"") -> 0 | S151: 7365 | T151: =IF(S152<>"",S152-S151,"") -> 0 | U151: 11846 | V151: =IF(U152<>"",U152-U151,"") -> 1 | W151: 1214 | X151: =IF(W152<>"",W152-W151,"") -> 0 | Y151: =SUM(F151,H151,J151,L151,N151) -> 14 | Z151: =SUM(R151,T151,V151,X151) -> 1 | AA151: =SUM(F151,H151,J151,L151,N151,R151,T151,V151,X151) -> 15 | AB151: =D151-Y151 -> 4 | AC151: =P151-Z151 -> 4 | AD151: =(D151+P151)-AA151 -> 8
A152: MON | B152: 45978 | C152: 70720 | D152: =IF(C153<>"",C153-C152,"") -> 382 | F152: =IF(E153<>"",E153-E152,"") | G152: 20260 | H152: =IF(G153<>"",G153-G152,"") -> 0 | I152: 1778 | J152: =IF(I153<>"",I153-I152,"") -> 0 | K152: 14000 | L152: =IF(K153<>"",K153-K152,"") -> 142 | M152: 206 | N152: =IF(M153<>"",M153-M152,"") -> 3 | O152: 26452 | P152: =IF(O153<>"",O153-O152,"") -> 216 | Q152: 4931 | R152: =IF(Q153<>"",Q153-Q152,"") -> 87 | S152: 7365 | T152: =IF(S153<>"",S153-S152,"") -> 7 | U152: 11847 | V152: =IF(U153<>"",U153-U152,"") -> 110 | W152: 1214 | X152: =IF(W153<>"",W153-W152,"") -> 3 | Y152: =SUM(F152,H152,J152,L152,N152) -> 145 | Z152: =SUM(R152,T152,V152,X152) -> 207 | AA152: =SUM(F152,H152,J152,L152,N152,R152,T152,V152,X152) -> 352 | AB152: =D152-Y152 -> 237 | AC152: =P152-Z152 -> 9 | AD152: =(D152+P152)-AA152 -> 246
A153: TUE | B153: 45979 | C153: 71102 | D153: =IF(C154<>"",C154-C153,"") -> 384 | F153: =IF(E154<>"",E154-E153,"") | G153: 20260 | H153: =IF(G154<>"",G154-G153,"") -> 1 | I153: 1778 | J153: =IF(I154<>"",I154-I153,"") -> 0 | K153: 14142 | L153: =IF(K154<>"",K154-K153,"") -> 147 | M153: 209 | N153: =IF(M154<>"",M154-M153,"") -> 3 | O153: 26668 | P153: =IF(O154<>"",O154-O153,"") -> 240 | Q153: 5018 | R153: =IF(Q154<>"",Q154-Q153,"") -> 100 | S153: 7372 | T153: =IF(S154<>"",S154-S153,"") -> 5 | U153: 11957 | V153: =IF(U154<>"",U154-U153,"") -> 119 | W153: 1217 | X153: =IF(W154<>"",W154-W153,"") -> 4 | Y153: =SUM(F153,H153,J153,L153,N153) -> 151 | Z153: =SUM(R153,T153,V153,X153) -> 228 | AA153: =SUM(F153,H153,J153,L153,N153,R153,T153,V153,X153) -> 379 | AB153: =D153-Y153 -> 233 | AC153: =P153-Z153 -> 12 | AD153: =(D153+P153)-AA153 -> 245
A154: WED | B154: 45980 | C154: 71486 | D154: =IF(C155<>"",C155-C154,"") -> 419 | F154: =IF(E155<>"",E155-E154,"") | G154: 20261 | H154: =IF(G155<>"",G155-G154,"") -> 1 | I154: 1778 | J154: =IF(I155<>"",I155-I154,"") -> 0 | K154: 14289 | L154: =IF(K155<>"",K155-K154,"") -> 142 | M154: 212 | N154: =IF(M155<>"",M155-M154,"") -> 3 | O154: 26908 | P154: =IF(O155<>"",O155-O154,"") -> 230 | Q154: 5118 | R154: =IF(Q155<>"",Q155-Q154,"") -> 102 | S154: 7377 | T154: =IF(S155<>"",S155-S154,"") -> 5 | U154: 12076 | V154: =IF(U155<>"",U155-U154,"") -> 110 | W154: 1221 | X154: =IF(W155<>"",W155-W154,"") -> 2 | Y154: =SUM(F154,H154,J154,L154,N154) -> 146 | Z154: =SUM(R154,T154,V154,X154) -> 219 | AA154: =SUM(F154,H154,J154,L154,N154,R154,T154,V154,X154) -> 365 | AB154: =D154-Y154 -> 273 | AC154: =P154-Z154 -> 11 | AD154: =(D154+P154)-AA154 -> 284
A155: THU | B155: 45981 | C155: 71905 | D155: =IF(C156<>"",C156-C155,"") -> 452 | F155: =IF(E156<>"",E156-E155,"") | G155: 20262 | H155: =IF(G156<>"",G156-G155,"") -> 1 | I155: 1778 | J155: =IF(I156<>"",I156-I155,"") -> 0 | K155: 14431 | L155: =IF(K156<>"",K156-K155,"") -> 141 | M155: 215 | N155: =IF(M156<>"",M156-M155,"") -> 2 | O155: 27138 | P155: =IF(O156<>"",O156-O155,"") -> 228 | Q155: 5220 | R155: =IF(Q156<>"",Q156-Q155,"") -> 96 | S155: 7382 | T155: =IF(S156<>"",S156-S155,"") -> 6 | U155: 12186 | V155: =IF(U156<>"",U156-U155,"") -> 114 | W155: 1223 | X155: =IF(W156<>"",W156-W155,"") -> 3 | Y155: =SUM(F155,H155,J155,L155,N155) -> 144 | Z155: =SUM(R155,T155,V155,X155) -> 219 | AA155: =SUM(F155,H155,J155,L155,N155,R155,T155,V155,X155) -> 363 | AB155: =D155-Y155 -> 308 | AC155: =P155-Z155 -> 9 | AD155: =(D155+P155)-AA155 -> 317
A156: FRI | B156: 45982 | C156: 72357 | D156: =IF(C157<>"",C157-C156,"") -> 420 | F156: =IF(E157<>"",E157-E156,"") | G156: 20263 | H156: =IF(G157<>"",G157-G156,"") -> 0 | I156: 1778 | J156: =IF(I157<>"",I157-I156,"") -> 0 | K156: 14572 | L156: =IF(K157<>"",K157-K156,"") -> 128 | M156: 217 | N156: =IF(M157<>"",M157-M156,"") -> 3 | O156: 27366 | P156: =IF(O157<>"",O157-O156,"") -> 227 | Q156: 5316 | R156: =IF(Q157<>"",Q157-Q156,"") -> 111 | S156: 7388 | T156: =IF(S157<>"",S157-S156,"") -> 5 | U156: 12300 | V156: =IF(U157<>"",U157-U156,"") -> 95 | W156: 1226 | X156: =IF(W157<>"",W157-W156,"") -> 3 | Y156: =SUM(F156,H156,J156,L156,N156) -> 131 | Z156: =SUM(R156,T156,V156,X156) -> 214 | AA156: =SUM(F156,H156,J156,L156,N156,R156,T156,V156,X156) -> 345 | AB156: =D156-Y156 -> 289 | AC156: =P156-Z156 -> 13 | AD156: =(D156+P156)-AA156 -> 302
A157: SAT | B157: 45983 | C157: 72777 | D157: =IF(C158<>"",C158-C157,"") -> 410 | F157: =IF(E158<>"",E158-E157,"") | G157: 20263 | H157: =IF(G158<>"",G158-G157,"") -> 1 | I157: 1778 | J157: =IF(I158<>"",I158-I157,"") -> 0 | K157: 14700 | L157: =IF(K158<>"",K158-K157,"") -> 138 | M157: 220 | N157: =IF(M158<>"",M158-M157,"") -> 2 | O157: 27593 | P157: =IF(O158<>"",O158-O157,"") -> 246 | Q157: 5427 | R157: =IF(Q158<>"",Q158-Q157,"") -> 121 | S157: 7393 | T157: =IF(S158<>"",S158-S157,"") -> 5 | U157: 12395 | V157: =IF(U158<>"",U158-U157,"") -> 106 | W157: 1229 | X157: =IF(W158<>"",W158-W157,"") -> 3 | Y157: =SUM(F157,H157,J157,L157,N157) -> 141 | Z157: =SUM(R157,T157,V157,X157) -> 235 | AA157: =SUM(F157,H157,J157,L157,N157,R157,T157,V157,X157) -> 376 | AB157: =D157-Y157 -> 269 | AC157: =P157-Z157 -> 11 | AD157: =(D157+P157)-AA157 -> 280
...

Sheet LT FF
A1: DENIM First Floor LT's ENERGY ANALYZER READINGS
A2: DAY | B2: DATE | C2: MAIN | E2: LT 01 FF | O2: MAIN | Q2: LT 02 FF | Y2: kWh/Day LT01 | Z2: kWh/Day LT02 | AA2: kWh/Day TTL | AB2: Diff. LT 01 | AC2: Diff. LT 02 | AD2: Diff. TTL
C3: 0 | E3: 1 | G3: 2 | I3: 3 | K3: 4 | M3: 5 | O3: 0 | Q3: 1 | S3: 2 | U3: 3 | W3: 4
C4: MPB-1F-L1 | E4: MCC-HANGER-FF | G4: DB-EXAST FAN-FF | I4: DB-HVAC-FF1 | K4: DB-LP-HALL-1-FF | M4: DB-LP-OFFICE-1-FF | O4: MPB-2FF-L2 | Q4: MCC-STICHING-FF | S4: DB-HVAC-FF2 | U4: DB-LP-HALL2-FF | W4: DB-LP-OFFICE-2-FF
C5: Meter Reading | D5: Daily Units (kWh) | E5: Meter Reading | F5: Daily Units (kWh) | G5: Meter Reading | H5: Daily Units (kWh) | I5: Meter Reading | J5: Daily Units (kWh) | K5: Meter Reading | L5: Daily Units (kWh) | M5: Meter Reading | N5: Daily Units (kWh) | O5: Meter Reading | P5: Daily Units (kWh) | Q5: Meter Reading | R5: Daily Units (kWh) | S5: Meter Reading | T5: Daily Units (kWh) | U5: Meter Reading | V5: Daily Units (kWh) | W5: Meter Reading | X5: Daily Units (kWh)
A6: TUE | B6: 45839 | C6: 8769 | D6: =IF(C7<>"",C7-C6,"") -> 355 | E6: 0 | F6: =IF(E7<>"",E7-E6,"") -> 0 | G6: 23 | H6: =IF(G7<>"",G7-G6,"") -> 157 | I6: 2489 | J6: =IF(I7<>"",I7-I6,"") -> 110 | K6: 15 | L6: =IF(K7<>"",K7-K6,"") -> 15 | M6: 198 | N6: =IF(M7<>"",M7-M6,"") -> 23 | O6: 3498 | P6: =IF(O7<>"",O7-O6,"") -> 130 | Q6: 0 | R6: =IF(Q7<>"",Q7-Q6,"") -> 0 | S6: 2145 | T6: =IF(S7<>"",S7-S6,"") -> 100 | U6: 587 | V6: =IF(U7<>"",U7-U6,"") -> 110 | W6: 125 | X6: =IF(W7<>"",W7-W6,"") -> 2 | Y6: =SUM(F6,H6,J6,L6,N6) -> 305 | Z6: =SUM(R6,T6,V6,X6) -> 212 | AA6: =SUM(F6,H6,J6,L6,N6,R6,T6,V6,X6) -> 517 | AB6: =Y6-D6 -> -50 | AC6: =Z6-P6 -> 82 | AD6: =AA6-(D6+P6) -> 32
A7: WED | B7: 45840 | C7: 9124 | D7: =IF(C8<>"",C8-C7,"") -> 348 | E7: 0 | F7: =IF(E8<>"",E8-E7,"") -> 0 | G7: 180 | H7: =IF(G8<>"",G8-G7,"") -> 237 | I7: 2599 | J7: =IF(I8<>"",I8-I7,"") -> 84 | K7: 30 | L7: =IF(K8<>"",K8-K7,"") -> 7 | M7: 221 | N7: =IF(M8<>"",M8-M7,"") -> 8 | O7: 3628 | P7: =IF(O8<>"",O8-O7,"") -> 120 | Q7: 0 | R7: =IF(Q8<>"",Q8-Q7,"") -> 5 | S7: 2245 | T7: =IF(S8<>"",S8-S7,"") -> 64 | U7: 697 | V7: =IF(U8<>"",U8-U7,"") -> 47 | W7: 127 | X7: =IF(W8<>"",W8-W7,"") -> 3 | Y7: =SUM(F7,H7,J7,L7,N7) -> 336 | Z7: =SUM(R7,T7,V7,X7) -> 119 | AA7: =SUM(F7,H7,J7,L7,N7,R7,T7,V7,X7) -> 455 | AB7: =Y7-D7 -> -12 | AC7: =Z7-P7 -> -1 | AD7: =AA7-(D7+P7) -> -13
A8: THU | B8: 45841 | C8: 9472 | D8: =IF(C9<>"",C9-C8,"") -> 380 | E8: 0 | F8: =IF(E9<>"",E9-E8,"") -> 0 | G8: 417 | H8: =IF(G9<>"",G9-G8,"") -> 265 | I8: 2683 | J8: =IF(I9<>"",I9-I8,"") -> 85 | K8: 37 | L8: =IF(K9<>"",K9-K8,"") -> 10 | M8: 229 | N8: =IF(M9<>"",M9-M8,"") -> 10 | O8: 3748 | P8: =IF(O9<>"",O9-O8,"") -> 144 | Q8: 5 | R8: =IF(Q9<>"",Q9-Q8,"") -> 6 | S8: 2309 | T8: =IF(S9<>"",S9-S8,"") -> 77 | U8: 744 | V8: =IF(U9<>"",U9-U8,"") -> 57 | W8: 130 | X8: =IF(W9<>"",W9-W8,"") -> 2 | Y8: =SUM(F8,H8,J8,L8,N8) -> 370 | Z8: =SUM(R8,T8,V8,X8) -> 142 | AA8: =SUM(F8,H8,J8,L8,N8,R8,T8,V8,X8) -> 512 | AB8: =Y8-D8 -> -10 | AC8: =Z8-P8 -> -2 | AD8: =AA8-(D8+P8) -> -12
A9: FRI | B9: 45842 | C9: 9852 | D9: =IF(C10<>"",C10-C9,"") -> 149 | E9: 0 | F9: =IF(E10<>"",E10-E9,"") -> 0 | G9: 682 | H9: =IF(G10<>"",G10-G9,"") -> 100 | I9: 2768 | J9: =IF(I10<>"",I10-I9,"") -> 34 | K9: 47 | L9: =IF(K10<>"",K10-K9,"") -> 10 | M9: 239 | N9: =IF(M10<>"",M10-M9,"") -> 10 | O9: 3892 | P9: =IF(O10<>"",O10-O9,"") -> 97 | Q9: 11 | R9: =IF(Q10<>"",Q10-Q9,"") -> 4 | S9: 2386 | T9: =IF(S10<>"",S10-S9,"") -> 34 | U9: 801 | V9: =IF(U10<>"",U10-U9,"") -> 29 | W9: 132 | X9: =IF(W10<>"",W10-W9,"") -> 3 | Y9: =SUM(F9,H9,J9,L9,N9) -> 154 | Z9: =SUM(R9,T9,V9,X9) -> 70 | AA9: =SUM(F9,H9,J9,L9,N9,R9,T9,V9,X9) -> 224 | AB9: =Y9-D9 -> 5 | AC9: =Z9-P9 -> -27 | AD9: =AA9-(D9+P9) -> -22
A10: SAT | B10: 45843 | C10: 10001 | D10: =IF(C11<>"",C11-C10,"") -> 282 | E10: 0 | F10: =IF(E11<>"",E11-E10,"") -> 15 | G10: 782 | H10: =IF(G11<>"",G11-G10,"") -> 170 | I10: 2802 | J10: =IF(I11<>"",I11-I10,"") -> 72 | K10: 57 | L10: =IF(K11<>"",K11-K10,"") -> 10 | M10: 249 | N10: =IF(M11<>"",M11-M10,"") -> 8 | O10: 3989 | P10: =IF(O11<>"",O11-O10,"") -> 59 | Q10: 15 | R10: =IF(Q11<>"",Q11-Q10,"") -> 2 | S10: 2420 | T10: =IF(S11<>"",S11-S10,"") -> 50 | U10: 830 | V10: =IF(U11<>"",U11-U10,"") -> 29 | W10: 135 | X10: =IF(W11<>"",W11-W10,"") -> 4 | Y10: =SUM(F10,H10,J10,L10,N10) -> 275 | Z10: =SUM(R10,T10,V10,X10) -> 85 | AA10: =SUM(F10,H10,J10,L10,N10,R10,T10,V10,X10) -> 360 | AB10: =Y10-D10 -> -7 | AC10: =Z10-P10 -> 26 | AD10: =AA10-(D10+P10) -> 19
A11: SUN | B11: 45844 | C11: 10283 | D11: =IF(C12<>"",C12-C11,"") -> 0 | E11: 15 | F11: =IF(E12<>"",E12-E11,"") -> 0 | G11: 952 | H11: =IF(G12<>"",G12-G11,"") -> 0 | I11: 2874 | J11: =IF(I12<>"",I12-I11,"") -> 0 | K11: 67 | L11: =IF(K12<>"",K12-K11,"") -> 0 | M11: 257 | N11: =IF(M12<>"",M12-M11,"") -> 0 | O11: 4048 | P11: =IF(O12<>"",O12-O11,"") -> 0 | Q11: 17 | R11: =IF(Q12<>"",Q12-Q11,"") -> 0 | S11: 2470 | T11: =IF(S12<>"",S12-S11,"") -> 0 | U11: 859 | V11: =IF(U12<>"",U12-U11,"") -> 0 | W11: 139 | X11: =IF(W12<>"",W12-W11,"") -> 0 | Y11: =SUM(F11,H11,J11,L11,N11) -> 0 | Z11: =SUM(R11,T11,V11,X11) -> 0 | AA11: =SUM(F11,H11,J11,L11,N11,R11,T11,V11,X11) -> 0 | AB11: =Y11-D11 -> 0 | AC11: =Z11-P11 -> 0 | AD11: =AA11-(D11+P11) -> 0
A12: MON | B12: 45845 | C12: 10283 | D12: =IF(C13<>"",C13-C12,"") -> 403 | E12: 15 | F12: =IF(E13<>"",E13-E12,"") -> 16 | G12: 952 | H12: =IF(G13<>"",G13-G12,"") -> 266 | I12: 2874 | J12: =IF(I13<>"",I13-I12,"") -> 101 | K12: 67 | L12: =IF(K13<>"",K13-K12,"") -> 12 | M12: 257 | N12: =IF(M13<>"",M13-M12,"") -> 9 | O12: 4048 | P12: =IF(O13<>"",O13-O12,"") -> 137 | Q12: 17 | R12: =IF(Q13<>"",Q13-Q12,"") -> 7 | S12: 2470 | T12: =IF(S13<>"",S13-S12,"") -> 68 | U12: 859 | V12: =IF(U13<>"",U13-U12,"") -> 58 | W12: 139 | X12: =IF(W13<>"",W13-W12,"") -> 3 | Y12: =SUM(F12,H12,J12,L12,N12) -> 404 | Z12: =SUM(R12,T12,V12,X12) -> 136 | AA12: =SUM(F12,H12,J12,L12,N12,R12,T12,V12,X12) -> 540 | AB12: =Y12-D12 -> 1 | AC12: =Z12-P12 -> -1 | AD12: =AA12-(D12+P12) -> 0
A13: TUE | B13: 45846 | C13: 10686 | D13: =IF(C14<>"",C14-C13,"") -> 394 | E13: 31 | F13: =IF(E14<>"",E14-E13,"") -> 21 | G13: 1218 | H13: =IF(G14<>"",G14-G13,"") -> 248 | I13: 2975 | J13: =IF(I14<>"",I14-I13,"") -> 104 | K13: 79 | L13: =IF(K14<>"",K14-K13,"") -> 11 | M13: 266 | N13: =IF(M14<>"",M14-M13,"") -> 10 | O13: 4185 | P13: =IF(O14<>"",O14-O13,"") -> 125 | Q13: 24 | R13: =IF(Q14<>"",Q14-Q13,"") -> 6 | S13: 2538 | T13: =IF(S14<>"",S14-S13,"") -> 60 | U13: 917 | V13: =IF(U14<>"",U14-U13,"") -> 55 | W13: 142 | X13: =IF(W14<>"",W14-W13,"") -> 2 | Y13: =SUM(F13,H13,J13,L13,N13) -> 394 | Z13: =SUM(R13,T13,V13,X13) -> 123 | AA13: =SUM(F13,H13,J13,L13,N13,R13,T13,V13,X13) -> 517 | AB13: =Y13-D13 -> 0 | AC13: =Z13-P13 -> -2 | AD13: =AA13-(D13+P13) -> -2
A14: WED | B14: 45847 | C14: 11080 | D14: =IF(C15<>"",C15-C14,"") -> 378 | E14: 52 | F14: =IF(E15<>"",E15-E14,"") -> 31 | G14: 1466 | H14: =IF(G15<>"",G15-G14,"") -> 260 | I14: 3079 | J14: =IF(I15<>"",I15-I14,"") -> 64 | K14: 90 | L14: =IF(K15<>"",K15-K14,"") -> 14 | M14: 276 | N14: =IF(M15<>"",M15-M14,"") -> 11 | O14: 4310 | P14: =IF(O15<>"",O15-O14,"") -> 154 | Q14: 30 | R14: =IF(Q15<>"",Q15-Q14,"") -> 7 | S14: 2598 | T14: =IF(S15<>"",S15-S14,"") -> 62 | U14: 972 | V14: =IF(U15<>"",U15-U14,"") -> 82 | W14: 144 | X14: =IF(W15<>"",W15-W14,"") -> 3 | Y14: =SUM(F14,H14,J14,L14,N14) -> 380 | Z14: =SUM(R14,T14,V14,X14) -> 154 | AA14: =SUM(F14,H14,J14,L14,N14,R14,T14,V14,X14) -> 534 | AB14: =Y14-D14 -> 2 | AC14: =Z14-P14 -> 0 | AD14: =AA14-(D14+P14) -> 2
A15: THU | B15: 45848 | C15: 11458 | D15: =IF(C16<>"",C16-C15,"") -> 287 | E15: 83 | F15: =IF(E16<>"",E16-E15,"") -> 14 | G15: 1726 | H15: =IF(G16<>"",G16-G15,"") -> 216 | I15: 3143 | J15: =IF(I16<>"",I16-I15,"") -> 39 | K15: 104 | L15: =IF(K16<>"",K16-K15,"") -> 10 | M15: 287 | N15: =IF(M16<>"",M16-M15,"") -> 8 | O15: 4464 | P15: =IF(O16<>"",O16-O15,"") -> 97 | Q15: 37 | R15: =IF(Q16<>"",Q16-Q15,"") -> 7 | S15: 2660 | T15: =IF(S16<>"",S16-S15,"") -> 42 | U15: 1054 | V15: =IF(U16<>"",U16-U15,"") -> 45 | W15: 147 | X15: =IF(W16<>"",W16-W15,"") -> 2 | Y15: =SUM(F15,H15,J15,L15,N15) -> 287 | Z15: =SUM(R15,T15,V15,X15) -> 96 | AA15: =SUM(F15,H15,J15,L15,N15,R15,T15,V15,X15) -> 383 | AB15: =Y15-D15 -> 0 | AC15: =Z15-P15 -> -1 | AD15: =AA15-(D15+P15) -> -1
A16: FRI | B16: 45849 | C16: 11745 | D16: =IF(C17<>"",C17-C16,"") -> 354 | E16: 97 | F16: =IF(E17<>"",E17-E16,"") -> 23 | G16: 1942 | H16: =IF(G17<>"",G17-G16,"") -> 252 | I16: 3182 | J16: =IF(I17<>"",I17-I16,"") -> 57 | K16: 114 | L16: =IF(K17<>"",K17-K16,"") -> 11 | M16: 295 | N16: =IF(M17<>"",M17-M16,"") -> 11 | O16: 4561 | P16: =IF(O17<>"",O17-O16,"") -> 146 | Q16: 44 | R16: =IF(Q17<>"",Q17-Q16,"") -> 9 | S16: 2702 | T16: =IF(S17<>"",S17-S16,"") -> 63 | U16: 1099 | V16: =IF(U17<>"",U17-U16,"") -> 71 | W16: 149 | X16: =IF(W17<>"",W17-W16,"") -> 3 | Y16: =SUM(F16,H16,J16,L16,N16) -> 354 | Z16: =SUM(R16,T16,V16,X16) -> 146 | AA16: =SUM(F16,H16,J16,L16,N16,R16,T16,V16,X16) -> 500 | AB16: =Y16-D16 -> 0 | AC16: =Z16-P16 -> 0 | AD16: =AA16-(D16+P16) -> 0
A17: SAT | B17: 45850 | C17: 12099 | D17: =IF(C18<>"",C18-C17,"") -> 408 | E17: 120 | F17: =IF(E18<>"",E18-E17,"") -> 28 | G17: 2194 | H17: =IF(G18<>"",G18-G17,"") -> 300 | I17: 3239 | J17: =IF(I18<>"",I18-I17,"") -> 57 | K17: 125 | L17: =IF(K18<>"",K18-K17,"") -> 13 | M17: 306 | N17: =IF(M18<>"",M18-M17,"") -> 11 | O17: 4707 | P17: =IF(O18<>"",O18-O17,"") -> 163 | Q17: 53 | R17: =IF(Q18<>"",Q18-Q17,"") -> 9 | S17: 2765 | T17: =IF(S18<>"",S18-S17,"") -> 52 | U17: 1170 | V17: =IF(U18<>"",U18-U17,"") -> 96 | W17: 152 | X17: =IF(W18<>"",W18-W17,"") -> 3 | Y17: =SUM(F17,H17,J17,L17,N17) -> 409 | Z17: =SUM(R17,T17,V17,X17) -> 160 | AA17: =SUM(F17,H17,J17,L17,N17,R17,T17,V17,X17) -> 569 | AB17: =Y17-D17 -> 1 | AC17: =Z17-P17 -> -3 | AD17: =AA17-(D17+P17) -> -2
... A35: WED | B35: 45868 | C35: 18377 | D35: =IF(C36<>"",C36-C35,"") -> 432 | E35: 883 | F35: =IF(E36<>"",E36-E35,"") -> 64 | G35: 6247 | H35: =IF(G36<>"",G36-G35,"") -> 253 | I35: 4361 | J35: =IF(I36<>"",I36-I35,"") -> 91 | K35: 270 | L35: =IF(K36<>"",K36-K35,"") -> 8 | M35: 515 | N35: =IF(M36<>"",M36-M35,"") -> 16 | O35: 7488 | P35: =IF(O36<>"",O36-O35,"") -> 271 | Q35: 395 | R35: =IF(Q36<>"",Q36-Q35,"") -> 83 | S35: 3763 | T35: =IF(S36<>"",S36-S35,"") -> 90 | U35: 2529 | V35: =IF(U36<>"",U36-U35,"") -> 92 | W35: 215 | X35: =IF(W36<>"",W36-W35,"") -> 4 | Y35: =SUM(F35,H35,J35,L35,N35) -> 432 | Z35: =SUM(R35,T35,V35,X35) -> 269 | AA35: =SUM(F35,H35,J35,L35,N35,R35,T35,V35,X35) -> 701 | AB35: =Y35-D35 -> 0 | AC35: =Z35-P35 -> -2 | AD35: =AA35-(D35+P35) -> -2
A36: THU | B36: 45869 | C36: 18809 | D36: =IF(C38<>"",C38-C36,"") -> 450 | E36: 947 | F36: =IF(E38<>"",E38-E36,"") -> 57 | G36: 6500 | H36: =IF(G38<>"",G38-G36,"") -> 297 | I36: 4452 | J36: =IF(I38<>"",I38-I36,"") -> 71 | K36: 278 | L36: =IF(K38<>"",K38-K36,"") -> 10 | M36: 531 | N36: =IF(M38<>"",M38-M36,"") -> 13 | O36: 7759 | P36: =IF(O38<>"",O38-O36,"") -> 233 | Q36: 478 | R36: =IF(Q38<>"",Q38-Q36,"") -> 74 | S36: 3853 | T36: =IF(S38<>"",S38-S36,"") -> 62 | U36: 2621 | V36: =IF(U38<>"",U38-U36,"") -> 91 | W36: 219 | X36: =IF(W38<>"",W38-W36,"") -> 4 | Y36: =SUM(F36,H36,J36,L36,N36) -> 448 | Z36: =SUM(R36,T36,V36,X36) -> 231 | AA36: =SUM(F36,H36,J36,L36,N36,R36,T36,V36,X36) -> 679 | AB36: =Y36-D36 -> -2 | AC36: =Z36-P36 -> -2 | AD36: =AA36-(D36+P36) -> -4
A37: kWh/Mo TTL | D37: =SUM(D4:D35) -> 10040 | F37: =SUM(F4:F35) -> 947 | H37: =SUM(H4:H35) -> 6477 | J37: =SUM(J4:J35) -> 1963 | L37: =SUM(L4:L35) -> 263 | N37: =SUM(N4:N35) -> 333 | P37: =SUM(P4:P35) -> 4261 | R37: =SUM(R4:R35) -> 478 | T37: =SUM(T4:T35) -> 1708 | V37: =SUM(V4:V35) -> 2034 | X37: =SUM(X4:X35) -> 94 | Y37: =SUM(F37,H37,J37,L37,N37) -> 9983 | Z37: =SUM(R37,T37,V37,X37) -> 4314 | AA37: =SUM(F37,H37,J37,L37,N37,R37,T37,V37,X37) -> 14297 | AB37: =Y37-D37 -> -57 | AC37: =Z37-P37 -> 53 | AD37: =AA37-(D37+P37) -> -4
A38: FRI | B38: 45870 | C38: 19259 | D38: =IF(C39<>"",C39-C38,"") -> 423 | E38: 1004 | F38: =IF(E39<>"",E39-E38,"") -> 56 | G38: 6797 | H38: =IF(G39<>"",G39-G38,"") -> 287 | I38: 4523 | J38: =IF(I39<>"",I39-I38,"") -> 56 | K38: 288 | L38: =IF(K39<>"",K39-K38,"") -> 11 | M38: 544 | N38: =IF(M39<>"",M39-M38,"") -> 15 | O38: 7992 | P38: =IF(O39<>"",O39-O38,"") -> 199 | Q38: 552 | R38: =IF(Q39<>"",Q39-Q38,"") -> 60 | S38: 3915 | T38: =IF(S39<>"",S39-S38,"") -> 49 | U38: 2712 | V38: =IF(U39<>"",U39-U38,"") -> 83 | W38: 223 | X38: =IF(W39<>"",W39-W38,"") -> 5 | Y38: =SUM(F38,H38,J38,L38,N38) -> 425 | Z38: =SUM(R38,T38,V38,X38) -> 197 | AA38: =SUM(F38,H38,J38,L38,N38,R38,T38,V38,X38) -> 622 | AB38: =D38-Y38 -> -2 | AC38: =P38-Z38 -> 2 | AD38: =(D38+P38)-AA38 -> 0
A39: SAT | B39: 45871 | C39: 19682 | D39: =IF(C40<>"",C40-C39,"") -> 365 | E39: 1060 | F39: =IF(E40<>"",E40-E39,"") -> 49 | G39: 7084 | H39: =IF(G40<>"",G40-G39,"") -> 253 | I39: 4579 | J39: =IF(I40<>"",I40-I39,"") -> 43 | K39: 299 | L39: =IF(K40<>"",K40-K39,"") -> 8 | M39: 559 | N39: =IF(M40<>"",M40-M39,"") -> 13 | O39: 8191 | P39: =IF(O40<>"",O40-O39,"") -> 197 | Q39: 612 | R39: =IF(Q40<>"",Q40-Q39,"") -> 50 | S39: 3964 | T39: =IF(S40<>"",S40-S39,"") -> 98 | U39: 2795 | V39: =IF(U40<>"",U40-U39,"") -> 76 | W39: 228 | X39: =IF(W40<>"",W40-W39,"") -> 8 | Y39: =SUM(F39,H39,J39,L39,N39) -> 366 | Z39: =SUM(R39,T39,V39,X39) -> 232 | AA39: =SUM(F39,H39,J39,L39,N39,R39,T39,V39,X39) -> 598 | AB39: =D39-Y39 -> -1 | AC39: =P39-Z39 -> -35 | AD39: =(D39+P39)-AA39 -> -36
A40: SUN | B40: 45872 | C40: 20047 | D40: =IF(C41<>"",C41-C40,"") -> 0 | E40: 1109 | F40: =IF(E41<>"",E41-E40,"") -> 0 | G40: 7337 | H40: =IF(G41<>"",G41-G40,"") -> 0 | I40: 4622 | J40: =IF(I41<>"",I41-I40,"") -> 0 | K40: 307 | L40: =IF(K41<>"",K41-K40,"") -> 0 | M40: 572 | N40: =IF(M41<>"",M41-M40,"") -> 0 | O40: 8388 | P40: =IF(O41<>"",O41-O40,"") -> 0 | Q40: 662 | R40: =IF(Q41<>"",Q41-Q40,"") -> 0 | S40: 4062 | T40: =IF(S41<>"",S41-S40,"") -> 0 | U40: 2871 | V40: =IF(U41<>"",U41-U40,"") -> 0 | W40: 236 | X40: =IF(W41<>"",W41-W40,"") -> 0 | Y40: =SUM(F40,H40,J40,L40,N40) -> 0 | Z40: =SUM(R40,T40,V40,X40) -> 0 | AA40: =SUM(F40,H40,J40,L40,N40,R40,T40,V40,X40) -> 0 | AB40: =D40-Y40 -> 0 | AC40: =P40-Z40 -> 0 | AD40: =(D40+P40)-AA40 -> 0
A41: MON | B41: 45873 | C41: 20047 | D41: =IF(C42<>"",C42-C41,"") -> 427 | E41: 1109 | F41: =IF(E42<>"",E42-E41,"") -> 51 | G41: 7337 | H41: =IF(G42<>"",G42-G41,"") -> 266 | I41: 4622 | J41: =IF(I42<>"",I42-I41,"") -> 90 | K41: 307 | L41: =IF(K42<>"",K42-K41,"") -> 8 | M41: 572 | N41: =IF(M42<>"",M42-M41,"") -> 12 | O41: 8388 | P41: =IF(O42<>"",O42-O41,"") -> 217 | Q41: 662 | R41: =IF(Q42<>"",Q42-Q41,"") -> 47 | S41: 4062 | T41: =IF(S42<>"",S42-S41,"") -> 49 | U41: 2871 | V41: =IF(U42<>"",U42-U41,"") -> 84 | W41: 236 | X41: =IF(W42<>"",W42-W41,"") -> 5 | Y41: =SUM(F41,H41,J41,L41,N41) -> 427 | Z41: =SUM(R41,T41,V41,X41) -> 185 | AA41: =SUM(F41,H41,J41,L41,N41,R41,T41,V41,X41) -> 612 | AB41: =D41-Y41 -> 0 | AC41: =P41-Z41 -> 32 | AD41: =(D41+P41)-AA41 -> 32
A42: TUE | B42: 45874 | C42: 20474 | D42: =IF(C43<>"",C43-C42,"") -> 484 | E42: 1160 | F42: =IF(E43<>"",E43-E42,"") -> 59 | G42: 7603 | H42: =IF(G43<>"",G43-G42,"") -> 304 | I42: 4712 | J42: =IF(I43<>"",I43-I42,"") -> 99 | K42: 315 | L42: =IF(K43<>"",K43-K42,"") -> 8 | M42: 584 | N42: =IF(M43<>"",M43-M42,"") -> 15 | O42: 8605 | P42: =IF(O43<>"",O43-O42,"") -> 235 | Q42: 709 | R42: =IF(Q43<>"",Q43-Q42,"") -> 60 | S42: 4111 | T42: =IF(S43<>"",S43-S42,"") -> 81 | U42: 2955 | V42: =IF(U43<>"",U43-U42,"") -> 82 | W42: 241 | X42: =IF(W43<>"",W43-W42,"") -> 5 | Y42: =SUM(F42,H42,J42,L42,N42) -> 485 | Z42: =SUM(R42,T42,V42,X42) -> 228 | AA42: =SUM(F42,H42,J42,L42,N42,R42,T42,V42,X42) -> 713 | AB42: =D42-Y42 -> -1 | AC42: =P42-Z42 -> 7 | AD42: =(D42+P42)-AA42 -> 6
A43: WED | B43: 45875 | C43: 20958 | D43: =IF(C44<>"",C44-C43,"") -> 449 | E43: 1219 | F43: =IF(E44<>"",E44-E43,"") -> 50 | G43: 7907 | H43: =IF(G44<>"",G44-G43,"") -> 279 | I43: 4811 | J43: =IF(I44<>"",I44-I43,"") -> 94 | K43: 323 | L43: =IF(K44<>"",K44-K43,"") -> 9 | M43: 599 | N43: =IF(M44<>"",M44-M43,"") -> 17 | O43: 8840 | P43: =IF(O44<>"",O44-O43,"") -> 242 | Q43: 769 | R43: =IF(Q44<>"",Q44-Q43,"") -> 56 | S43: 4192 | T43: =IF(S44<>"",S44-S43,"") -> 100 | U43: 3037 | V43: =IF(U44<>"",U44-U43,"") -> 80 | W43: 246 | X43: =IF(W44<>"",W44-W43,"") -> 4 | Y43: =SUM(F43,H43,J43,L43,N43) -> 449 | Z43: =SUM(R43,T43,V43,X43) -> 240 | AA43: =SUM(F43,H43,J43,L43,N43,R43,T43,V43,X43) -> 689 | AB43: =D43-Y43 -> 0 | AC43: =P43-Z43 -> 2 | AD43: =(D43+P43)-AA43 -> 2
A44: THU | B44: 45876 | C44: 21407 | D44: =IF(C45<>"",C45-C44,"") -> 510 | E44: 1269 | F44: =IF(E45<>"",E45-E44,"") -> 62 | G44: 8186 | H44: =IF(G45<>"",G45-G44,"") -> 311 | I44: 4905 | J44: =IF(I45<>"",I45-I44,"") -> 111 | K44: 332 | L44: =IF(K45<>"",K45-K44,"") -> 12 | M44: 616 | N44: =IF(M45<>"",M45-M44,"") -> 18 | O44: 9082 | P44: =IF(O45<>"",O45-O44,"") -> 266 | Q44: 825 | R44: =IF(Q45<>"",Q45-Q44,"") -> 68 | S44: 4292 | T44: =IF(S45<>"",S45-S44,"") -> 99 | U44: 3117 | V44: =IF(U45<>"",U45-U44,"") -> 92 | W44: 250 | X44: =IF(W45<>"",W45-W44,"") -> 7 | Y44: =SUM(F44,H44,J44,L44,N44) -> 514 | Z44: =SUM(R44,T44,V44,X44) -> 266 | AA44: =SUM(F44,H44,J44,L44,N44,R44,T44,V44,X44) -> 780 | AB44: =D44-Y44 -> -4 | AC44: =P44-Z44 -> 0 | AD44: =(D44+P44)-AA44 -> -4
A45: FRI | B45: 45877 | C45: 21917 | D45: =IF(C46<>"",C46-C45,"") -> 433 | E45: 1331 | F45: =IF(E46<>"",E46-E45,"") -> 58 | G45: 8497 | H45: =IF(G46<>"",G46-G45,"") -> 272 | I45: 5016 | J45: =IF(I46<>"",I46-I45,"") -> 89 | K45: 344 | L45: =IF(K46<>"",K46-K45,"") -> 8 | M45: 634 | N45: =IF(M46<>"",M46-M45,"") -> 13 | O45: 9348 | P45: =IF(O46<>"",O46-O45,"") -> 210 | Q45: 893 | R45: =IF(Q46<>"",Q46-Q45,"") -> 50 | S45: 4391 | T45: =IF(S46<>"",S46-S45,"") -> 94 | U45: 3209 | V45: =IF(U46<>"",U46-U45,"") -> 57 | W45: 257 | X45: =IF(W46<>"",W46-W45,"") -> 5 | Y45: =SUM(F45,H45,J45,L45,N45) -> 440 | Z45: =SUM(R45,T45,V45,X45) -> 206 | AA45: =SUM(F45,H45,J45,L45,N45,R45,T45,V45,X45) -> 646 | AB45: =D45-Y45 -> -7 | AC45: =P45-Z45 -> 4 | AD45: =(D45+P45)-AA45 -> -3
A46: SAT | B46: 45878 | C46: 22350 | D46: =IF(C47<>"",C47-C46,"") -> 390 | E46: 1389 | F46: =IF(E47<>"",E47-E46,"") -> 49 | G46: 8769 | H46: =IF(G47<>"",G47-G46,"") -> 266 | I46: 5105 | J46: =IF(I47<>"",I47-I46,"") -> 52 | K46: 352 | L46: =IF(K47<>"",K47-K46,"") -> 6 | M46: 647 | N46: =IF(M47<>"",M47-M46,"") -> 11 | O46: 9558 | P46: =IF(O47<>"",O47-O46,"") -> 167 | Q46: 943 | R46: =IF(Q47<>"",Q47-Q46,"") -> 52 | S46: 4485 | T46: =IF(S47<>"",S47-S46,"") -> 52 | U46: 3266 | V46: =IF(U47<>"",U47-U46,"") -> 59 | W46: 262 | X46: =IF(W47<>"",W47-W46,"") -> 3 | Y46: =SUM(F46,H46,J46,L46,N46) -> 384 | Z46: =SUM(R46,T46,V46,X46) -> 166 | AA46: =SUM(F46,H46,J46,L46,N46,R46,T46,V46,X46) -> 550 | AB46: =D46-Y46 -> 6 | AC46: =P46-Z46 -> 1 | AD46: =(D46+P46)-AA46 -> 7
A47: SUN | B47: 45879 | C47: 22740 | D47: =IF(C48<>"",C48-C47,"") -> 16 | E47: 1438 | F47: =IF(E48<>"",E48-E47,"") -> 0 | G47: 9035 | H47: =IF(G48<>"",G48-G47,"") -> 0 | I47: 5157 | J47: =IF(I48<>"",I48-I47,"") -> 8 | K47: 358 | L47: =IF(K48<>"",K48-K47,"") -> 5 | M47: 658 | N47: =IF(M48<>"",M48-M47,"") -> 2 | O47: 9725 | P47: =IF(O48<>"",O48-O47,"") -> 10 | Q47: 995 | R47: =IF(Q48<>"",Q48-Q47,"") -> 0 | S47: 4537 | T47: =IF(S48<>"",S48-S47,"") -> 6 | U47: 3325 | V47: =IF(U48<>"",U48-U47,"") -> 0 | W47: 265 | X47: =IF(W48<>"",W48-W47,"") -> 4 | Y47: =SUM(F47,H47,J47,L47,N47) -> 15 | Z47: =SUM(R47,T47,V47,X47) -> 10 | AA47: =SUM(F47,H47,J47,L47,N47,R47,T47,V47,X47) -> 25 | AB47: =D47-Y47 -> 1 | AC47: =P47-Z47 -> 0 | AD47: =(D47+P47)-AA47 -> 1
A48: MON | B48: 45880 | C48: 22756 | D48: =IF(C49<>"",C49-C48,"") -> 485 | E48: 1438 | F48: =IF(E49<>"",E49-E48,"") -> 60 | G48: 9035 | H48: =IF(G49<>"",G49-G48,"") -> 306 | I48: 5165 | J48: =IF(I49<>"",I49-I48,"") -> 98 | K48: 363 | L48: =IF(K49<>"",K49-K48,"") -> 9 | M48: 660 | N48: =IF(M49<>"",M49-M48,"") -> 14 | O48: 9735 | P48: =IF(O49<>"",O49-O48,"") -> 228 | Q48: 995 | R48: =IF(Q49<>"",Q49-Q48,"") -> 57 | S48: 4543 | T48: =IF(S49<>"",S49-S48,"") -> 100 | U48: 3325 | V48: =IF(U49<>"",U49-U48,"") -> 63 | W48: 269 | X48: =IF(W49<>"",W49-W48,"") -> 6 | Y48: =SUM(F48,H48,J48,L48,N48) -> 487 | Z48: =SUM(R48,T48,V48,X48) -> 226 | AA48: =SUM(F48,H48,J48,L48,N48,R48,T48,V48,X48) -> 713 | AB48: =D48-Y48 -> -2 | AC48: =P48-Z48 -> 2 | AD48: =(D48+P48)-AA48 -> 0
A49: TUE | B49: 45881 | C49: 23241 | D49: =IF(C50<>"",C50-C49,"") -> 430 | E49: 1498 | F49: =IF(E50<>"",E50-E49,"") -> 56 | G49: 9341 | H49: =IF(G50<>"",G50-G49,"") -> 265 | I49: 5263 | J49: =IF(I50<>"",I50-I49,"") -> 85 | K49: 372 | L49: =IF(K50<>"",K50-K49,"") -> 9 | M49: 674 | N49: =IF(M50<>"",M50-M49,"") -> 15 | O49: 9963 | P49: =IF(O50<>"",O50-O49,"") -> 232 | Q49: 1052 | R49: =IF(Q50<>"",Q50-Q49,"") -> 55 | S49: 4643 | T49: =IF(S50<>"",S50-S49,"") -> 76 | U49: 3388 | V49: =IF(U50<>"",U50-U49,"") -> 81 | W49: 275 | X49: =IF(W50<>"",W50-W49,"") -> 17 | Y49: =SUM(F49,H49,J49,L49,N49) -> 430 | Z49: =SUM(R49,T49,V49,X49) -> 229 | AA49: =SUM(F49,H49,J49,L49,N49,R49,T49,V49,X49) -> 659 | AB49: =D49-Y49 -> 0 | AC49: =P49-Z49 -> 3 | AD49: =(D49+P49)-AA49 -> 3
... A68: SUN | B68: 45900 | C68: 30333 | D68: =IF(C69<>"",C69-C68,"") -> 34 | E68: 2733 | F68: =IF(E69<>"",E69-E68,"") -> 1 | G68: 13615 | H68: =IF(G69<>"",G69-G68,"") -> 9 | I68: 6461 | J68: =IF(I69<>"",I69-I68,"") -> 16 | K68: 541 | L68: =IF(K69<>"",K69-K68,"") -> 4 | M68: 904 | N68: =IF(M69<>"",M69-M68,"") -> 2 | O68: 13597 | P68: =IF(O69<>"",O69-O68,"") -> 83 | Q68: 2039 | R68: =IF(Q69<>"",Q69-Q68,"") -> 1 | S68: 5794 | T68: =IF(S69<>"",S69-S68,"") -> 16 | U68: 4658 | V68: =IF(U69<>"",U69-U68,"") -> 1 | W68: 459 | X68: =IF(W69<>"",W69-W68,"") -> 3 | Y68: =SUM(F68,H68,J68,L68,N68) -> 32 | Z68: =SUM(R68,T68,V68,X68) -> 21 | AA68: =SUM(F68,H68,J68,L68,N68,R68,T68,V68,X68) -> 53 | AB68: =D68-Y68 -> 2 | AC68: =P68-Z68 -> 62 | AD68: =(D68+P68)-AA68 -> 64
A69: MON | B69: 45901 | C69: 30367 | E69: 2734 | G69: 13624 | I69: 6477 | K69: 545 | M69: 906 | O69: 13680 | Q69: 2040 | S69: 5810 | U69: 4659 | W69: 462 | Y69: =SUM(F69,H69,J69,L69,N69) -> 0 | Z69: =SUM(R69,T69,V69,X69) -> 0 | AA69: =SUM(F69,H69,J69,L69,N69,R69,T69,V69,X69) -> 0 | AB69: =D69-Y69 -> 0 | AC69: =P69-Z69 -> 0 | AD69: =(D69+P69)-AA69 -> 0
A70: kWh/Mo TTL | D70: =SUM(D38:D68) -> 11108 | F70: =SUM(F38:F68) -> 1730 | H70: =SUM(H38:H68) -> 6827 | J70: =SUM(J38:J68) -> 1954 | L70: =SUM(L38:L68) -> 257 | N70: =SUM(N38:N68) -> 362 | P70: =SUM(P38:P68) -> 5688 | R70: =SUM(R38:R68) -> 1488 | T70: =SUM(T38:T68) -> 1895 | V70: =SUM(V38:V68) -> 1947 | X70: =SUM(X38:X68) -> 239 | Y70: =SUM(F70,H70,J70,L70,N70) -> 11130 | Z70: =SUM(R70,T70,V70,X70) -> 5569 | AA70: =SUM(F70,H70,J70,L70,N70,R70,T70,V70,X70) -> 16699 | AB70: =Y70-D70 -> 22 | AC70: =P70-Z70 -> 119 | AD70: =(D70+P70)-AA70 -> 97
A71: MON | B71: 45901 | C71: 30367 | D71: =IF(C72<>"",C72-C71,"") -> 414 | E71: 2734 | F71: =IF(E72<>"",E72-E71,"") -> 98 | G71: 13624 | H71: =IF(G72<>"",G72-G71,"") -> 258 | I71: 6477 | J71: =IF(I72<>"",I72-I71,"") -> 39 | K71: 545 | L71: =IF(K72<>"",K72-K71,"") -> 12 | M71: 906 | N71: =IF(M72<>"",M72-M71,"") -> 10 | O71: 13680 | P71: =IF(O72<>"",O72-O71,"") -> 103 | Q71: 2040 | R71: =IF(Q72<>"",Q72-Q71,"") -> 58 | S71: 5810 | T71: =IF(S72<>"",S72-S71,"") -> 41 | U71: 4659 | V71: =IF(U72<>"",U72-U71,"") -> 58 | W71: 462 | X71: =IF(W72<>"",W72-W71,"") -> 5 | Y71: =SUM(F71,H71,J71,L71,N71) -> 417 | Z71: =SUM(R71,T71,V71,X71) -> 162 | AA71: =SUM(F71,H71,J71,L71,N71,R71,T71,V71,X71) -> 579 | AB71: =D71-Y71 -> -3 | AC71: =P71-Z71 -> -59 | AD71: =(D71+P71)-AA71 -> -62
A72: TUE | B72: 45902 | C72: 30781 | D72: =IF(C73<>"",C73-C72,"") -> 424 | E72: 2832 | F72: =IF(E73<>"",E73-E72,"") -> 101 | G72: 13882 | H72: =IF(G73<>"",G73-G72,"") -> 272 | I72: 6516 | J72: =IF(I73<>"",I73-I72,"") -> 28 | K72: 557 | L72: =IF(K73<>"",K73-K72,"") -> 10 | M72: 916 | N72: =IF(M73<>"",M73-M72,"") -> 12 | O72: 13783 | P72: =IF(O73<>"",O73-O72,"") -> 160 | Q72: 2098 | R72: =IF(Q73<>"",Q73-Q72,"") -> 60 | S72: 5851 | T72: =IF(S73<>"",S73-S72,"") -> 34 | U72: 4717 | V72: =IF(U73<>"",U73-U72,"") -> 58 | W72: 467 | X72: =IF(W73<>"",W73-W72,"") -> 7 | Y72: =SUM(F72,H72,J72,L72,N72) -> 423 | Z72: =SUM(R72,T72,V72,X72) -> 159 | AA72: =SUM(F72,H72,J72,L72,N72,R72,T72,V72,X72) -> 582 | AB72: =D72-Y72 -> 1 | AC72: =P72-Z72 -> 1 | AD72: =(D72+P72)-AA72 -> 2
A73: WED | B73: 45903 | C73: 31205 | D73: =IF(C74<>"",C74-C73,"") -> 372 | E73: 2933 | F73: =IF(E74<>"",E74-E73,"") -> 77 | G73: 14154 | H73: =IF(G74<>"",G74-G73,"") -> 245 | I73: 6544 | J73: =IF(I74<>"",I74-I73,"") -> 29 | K73: 567 | L73: =IF(K74<>"",K74-K73,"") -> 10 | M73: 928 | N73: =IF(M74<>"",M74-M73,"") -> 12 | O73: 13943 | P73: =IF(O74<>"",O74-O73,"") -> 161 | Q73: 2158 | R73: =IF(Q74<>"",Q74-Q73,"") -> 62 | S73: 5885 | T73: =IF(S74<>"",S74-S73,"") -> 30 | U73: 4775 | V73: =IF(U74<>"",U74-U73,"") -> 62 | W73: 474 | X73: =IF(W74<>"",W74-W73,"") -> 4 | Y73: =SUM(F73,H73,J73,L73,N73) -> 373 | Z73: =SUM(R73,T73,V73,X73) -> 158 | AA73: =SUM(F73,H73,J73,L73,N73,R73,T73,V73,X73) -> 531 | AB73: =D73-Y73 -> -1 | AC73: =P73-Z73 -> 3 | AD73: =(D73+P73)-AA73 -> 2
A74: THU | B74: 45904 | C74: 31577 | D74: =IF(C75<>"",C75-C74,"") -> 402 | E74: 3010 | F74: =IF(E75<>"",E75-E74,"") -> 77 | G74: 14399 | H74: =IF(G75<>"",G75-G74,"") -> 254 | I74: 6573 | J74: =IF(I75<>"",I75-I74,"") -> 52 | K74: 577 | L74: =IF(K75<>"",K75-K74,"") -> 11 | M74: 940 | N74: =IF(M75<>"",M75-M74,"") -> 9 | O74: 14104 | P74: =IF(O75<>"",O75-O74,"") -> 183 | Q74: 2220 | R74: =IF(Q75<>"",Q75-Q74,"") -> 62 | S74: 5915 | T74: =IF(S75<>"",S75-S74,"") -> 43 | U74: 4837 | V74: =IF(U75<>"",U75-U74,"") -> 63 | W74: 478 | X74: =IF(W75<>"",W75-W74,"") -> 5 | Y74: =SUM(F74,H74,J74,L74,N74) -> 403 | Z74: =SUM(R74,T74,V74,X74) -> 173 | AA74: =SUM(F74,H74,J74,L74,N74,R74,T74,V74,X74) -> 576 | AB74: =D74-Y74 -> -1 | AC74: =P74-Z74 -> 10 | AD74: =(D74+P74)-AA74 -> 9
A75: FRI | B75: 45905 | C75: 31979 | D75: =IF(C76<>"",C76-C75,"") -> 488 | E75: 3087 | F75: =IF(E76<>"",E76-E75,"") -> 59 | G75: 14653 | H75: =IF(G76<>"",G76-G75,"") -> 351 | I75: 6625 | J75: =IF(I76<>"",I76-I75,"") -> 54 | K75: 588 | L75: =IF(K76<>"",K76-K75,"") -> 9 | M75: 949 | N75: =IF(M76<>"",M76-M75,"") -> 11 | O75: 14287 | P75: =IF(O76<>"",O76-O75,"") -> 205 | Q75: 2282 | R75: =IF(Q76<>"",Q76-Q75,"") -> 67 | S75: 5958 | T75: =IF(S76<>"",S76-S75,"") -> 66 | U75: 4900 | V75: =IF(U76<>"",U76-U75,"") -> 74 | W75: 483 | X75: =IF(W76<>"",W76-W75,"") -> 5 | Y75: =SUM(F75,H75,J75,L75,N75) -> 484 | Z75: =SUM(R75,T75,V75,X75) -> 212 | AA75: =SUM(F75,H75,J75,L75,N75,R75,T75,V75,X75) -> 696 | AB75: =D75-Y75 -> 4 | AC75: =P75-Z75 -> -7 | AD75: =(D75+P75)-AA75 -> -3
A76: SAT | B76: 45906 | C76: 32467 | D76: =IF(C77<>"",C77-C76,"") -> 14 | E76: 3146 | F76: =IF(E77<>"",E77-E76,"") -> 0 | G76: 15004 | H76: =IF(G77<>"",G77-G76,"") -> 0 | I76: 6679 | J76: =IF(I77<>"",I77-I76,"") -> 17 | K76: 597 | L76: =IF(K77<>"",K77-K76,"") -> 0 | M76: 960 | N76: =IF(M77<>"",M77-M76,"") -> 2 | O76: 14492 | P76: =IF(O77<>"",O77-O76,"") -> 20 | Q76: 2349 | R76: =IF(Q77<>"",Q77-Q76,"") -> 0 | S76: 6024 | T76: =IF(S77<>"",S77-S76,"") -> 17 | U76: 4974 | V76: =IF(U77<>"",U77-U76,"") -> 0 | W76: 488 | X76: =IF(W77<>"",W77-W76,"") -> 2 | Y76: =SUM(F76,H76,J76,L76,N76) -> 19 | Z76: =SUM(R76,T76,V76,X76) -> 19 | AA76: =SUM(F76,H76,J76,L76,N76,R76,T76,V76,X76) -> 38 | AB76: =D76-Y76 -> -5 | AC76: =P76-Z76 -> 1 | AD76: =(D76+P76)-AA76 -> -4
A77: SUN | B77: 45907 | C77: 32481 | D77: =IF(C78<>"",C78-C77,"") -> 30 | E77: 3146 | F77: =IF(E78<>"",E78-E77,"") -> 0 | G77: 15004 | H77: =IF(G78<>"",G78-G77,"") -> 7 | I77: 6696 | J77: =IF(I78<>"",I78-I77,"") -> 19 | K77: 597 | L77: =IF(K78<>"",K78-K77,"") -> 1 | M77: 962 | N77: =IF(M78<>"",M78-M77,"") -> 3 | O77: 14512 | P77: =IF(O78<>"",O78-O77,"") -> 21 | Q77: 2349 | R77: =IF(Q78<>"",Q78-Q77,"") -> 1 | S77: 6041 | T77: =IF(S78<>"",S78-S77,"") -> 17 | U77: 4974 | V77: =IF(U78<>"",U78-U77,"") -> 1 | W77: 490 | X77: =IF(W78<>"",W78-W77,"") -> 3 | Y77: =SUM(F77,H77,J77,L77,N77) -> 30 | Z77: =SUM(R77,T77,V77,X77) -> 22 | AA77: =SUM(F77,H77,J77,L77,N77,R77,T77,V77,X77) -> 52 | AB77: =D77-Y77 -> 0 | AC77: =P77-Z77 -> -1 | AD77: =(D77+P77)-AA77 -> -1
A78: MON | B78: 45908 | C78: 32511 | D78: =IF(C79<>"",C79-C78,"") -> 424 | E78: 3146 | F78: =IF(E79<>"",E79-E78,"") -> 59 | G78: 15011 | H78: =IF(G79<>"",G79-G78,"") -> 274 | I78: 6715 | J78: =IF(I79<>"",I79-I78,"") -> 68 | K78: 598 | L78: =IF(K79<>"",K79-K78,"") -> 12 | M78: 965 | N78: =IF(M79<>"",M79-M78,"") -> 11 | O78: 14533 | P78: =IF(O79<>"",O79-O78,"") -> 224 | Q78: 2350 | R78: =IF(Q79<>"",Q79-Q78,"") -> 63 | S78: 6058 | T78: =IF(S79<>"",S79-S78,"") -> 86 | U78: 4975 | V78: =IF(U79<>"",U79-U78,"") -> 66 | W78: 493 | X78: =IF(W79<>"",W79-W78,"") -> 5 | Y78: =SUM(F78,H78,J78,L78,N78) -> 424 | Z78: =SUM(R78,T78,V78,X78) -> 220 | AA78: =SUM(F78,H78,J78,L78,N78,R78,T78,V78,X78) -> 644 | AB78: =D78-Y78 -> 0 | AC78: =P78-Z78 -> 4 | AD78: =(D78+P78)-AA78 -> 4
A79: TUE | B79: 45909 | C79: 32935 | D79: =IF(C80<>"",C80-C79,"") -> 404 | E79: 3205 | F79: =IF(E80<>"",E80-E79,"") -> 62 | G79: 15285 | H79: =IF(G80<>"",G80-G79,"") -> 257 | I79: 6783 | J79: =IF(I80<>"",I80-I79,"") -> 62 | K79: 610 | L79: =IF(K80<>"",K80-K79,"") -> 12 | M79: 976 | N79: =IF(M80<>"",M80-M79,"") -> 11 | O79: 14757 | P79: =IF(O80<>"",O80-O79,"") -> 196 | Q79: 2413 | R79: =IF(Q80<>"",Q80-Q79,"") -> 49 | S79: 6144 | T79: =IF(S80<>"",S80-S79,"") -> 79 | U79: 5041 | V79: =IF(U80<>"",U80-U79,"") -> 62 | W79: 498 | X79: =IF(W80<>"",W80-W79,"") -> 5 | Y79: =SUM(F79,H79,J79,L79,N79) -> 404 | Z79: =SUM(R79,T79,V79,X79) -> 195 | AA79: =SUM(F79,H79,J79,L79,N79,R79,T79,V79,X79) -> 599 | AB79: =D79-Y79 -> 0 | AC79: =P79-Z79 -> 1 | AD79: =(D79+P79)-AA79 -> 1
A80: WED | B80: 45910 | C80: 33339 | D80: =IF(C81<>"",C81-C80,"") -> 390 | E80: 3267 | F80: =IF(E81<>"",E81-E80,"") -> 51 | G80: 15542 | H80: =IF(G81<>"",G81-G80,"") -> 254 | I80: 6845 | J80: =IF(I81<>"",I81-I80,"") -> 65 | K80: 622 | L80: =IF(K81<>"",K81-K80,"") -> 12 | M80: 987 | N80: =IF(M81<>"",M81-M80,"") -> 10 | O80: 14953 | P80: =IF(O81<>"",O81-O80,"") -> 198 | Q80: 2462 | R80: =IF(Q81<>"",Q81-Q80,"") -> 52 | S80: 6223 | T80: =IF(S81<>"",S81-S80,"") -> 82 | U80: 5103 | V80: =IF(U81<>"",U81-U80,"") -> 58 | W80: 503 | X80: =IF(W81<>"",W81-W80,"") -> 6 | Y80: =SUM(F80,H80,J80,L80,N80) -> 392 | Z80: =SUM(R80,T80,V80,X80) -> 198 | AA80: =SUM(F80,H80,J80,L80,N80,R80,T80,V80,X80) -> 590 | AB80: =D80-Y80 -> -2 | AC80: =P80-Z80 -> 0 | AD80: =(D80+P80)-AA80 -> -2
A81: THU | B81: 45911 | C81: 33729 | D81: =IF(C82<>"",C82-C81,"") -> 466 | E81: 3318 | F81: =IF(E82<>"",E82-E81,"") -> 65 | G81: 15796 | H81: =IF(G82<>"",G82-G81,"") -> 290 | I81: 6910 | J81: =IF(I82<>"",I82-I81,"") -> 87 | K81: 634 | L81: =IF(K82<>"",K82-K81,"") -> 15 | M81: 997 | N81: =IF(M82<>"",M82-M81,"") -> 12 | O81: 15151 | P81: =IF(O82<>"",O82-O81,"") -> 233 | Q81: 2514 | R81: =IF(Q82<>"",Q82-Q81,"") -> 62 | S81: 6305 | T81: =IF(S82<>"",S82-S81,"") -> 91 | U81: 5161 | V81: =IF(U82<>"",U82-U81,"") -> 73 | W81: 509 | X81: =IF(W82<>"",W82-W81,"") -> 5 | Y81: =SUM(F81,H81,J81,L81,N81) -> 469 | Z81: =SUM(R81,T81,V81,X81) -> 231 | AA81: =SUM(F81,H81,J81,L81,N81,R81,T81,V81,X81) -> 700 | AB81: =D81-Y81 -> -3 | AC81: =P81-Z81 -> 2 | AD81: =(D81+P81)-AA81 -> -1
A82: FRI | B82: 45912 | C82: 34195 | D82: =IF(C83<>"",C83-C82,"") -> 454 | E82: 3383 | F82: =IF(E83<>"",E83-E82,"") -> 80 | G82: 16086 | H82: =IF(G83<>"",G83-G82,"") -> 267 | I82: 6997 | J82: =IF(I83<>"",I83-I82,"") -> 86 | K82: 649 | L82: =IF(K83<>"",K83-K82,"") -> 11 | M82: 1009 | N82: =IF(M83<>"",M83-M82,"") -> 10 | O82: 15384 | P82: =IF(O83<>"",O83-O82,"") -> 223 | Q82: 2576 | R82: =IF(Q83<>"",Q83-Q82,"") -> 49 | S82: 6396 | T82: =IF(S83<>"",S83-S82,"") -> 95 | U82: 5234 | V82: =IF(U83<>"",U83-U82,"") -> 72 | W82: 514 | X82: =IF(W83<>"",W83-W82,"") -> 5 | Y82: =SUM(F82,H82,J82,L82,N82) -> 454 | Z82: =SUM(R82,T82,V82,X82) -> 221 | AA82: =SUM(F82,H82,J82,L82,N82,R82,T82,V82,X82) -> 675 | AB82: =D82-Y82 -> 0 | AC82: =P82-Z82 -> 2 | AD82: =(D82+P82)-AA82 -> 2
... A101: WED | B101: 45931 | C101: 42111 | D101: =IF(C102<>"",C102-C101,"") | E101: 4856 | F101: =IF(E102<>"",E102-E101,"") | G101: 20512 | H101: =IF(G102<>"",G102-G101,"") | I101: 8642 | J101: =IF(I102<>"",I102-I101,"") | K101: 856 | L101: =IF(K102<>"",K102-K101,"") | M101: 1180 | N101: =IF(M102<>"",M102-M101,"") | O101: 20070 | P101: =IF(O102<>"",O102-O101,"") | Q101: 3827 | R101: =IF(Q102<>"",Q102-Q101,"") | S101: 8395 | T101: =IF(S102<>"",S102-S101,"") | U101: 6519 | V101: =IF(U102<>"",U102-U101,"") | W101: 634 | X101: =IF(W102<>"",W102-W101,"") | Y101: =SUM(F101,H101,J101,L101,N101) -> 0 | Z101: =SUM(R101,T101,V101,X101) -> 0 | AA101: =SUM(F101,H101,J101,L101,N101,R101,T101,V101,X101) -> 0 | AB101: =D101-Y101 -> #VALUE! | AC101: =P101-Z101 -> #VALUE! | AD101: =(D101+P101)-AA101 -> #VALUE!
A102: kWh/Mo TTL | D102: =SUM(D71:D100) -> 11744 | F102: =SUM(F71:F100) -> 2122 | H102: =SUM(H71:H100) -> 6888 | J102: =SUM(J71:J100) -> 2165 | L102: =SUM(L71:L100) -> 311 | N102: =SUM(N71:N100) -> 274 | P102: =SUM(P71:P100) -> 6390 | R102: =SUM(R71:R100) -> 1787 | T102: =SUM(T71:T100) -> 2585 | V102: =SUM(V71:V100) -> 1860 | X102: =SUM(X71:X100) -> 172 | Y102: =SUM(F102,H102,J102,L102,N102) -> 11760 | Z102: =SUM(R102,T102,V102,X102) -> 6404 | AA102: =SUM(F102,H102,J102,L102,N102,R102,T102,V102,X102) -> 18164 | AB102: =Y102-D102 -> 16 | AC102: =P102-Z102 -> -14 | AD102: =(D102+P102)-AA102 -> -30
A103: WED | B103: 45931 | C103: 42111 | D103: =IF(C104<>"",C104-C103,"") -> 484 | E103: 4856 | F103: =IF(E104<>"",E104-E103,"") -> 89 | G103: 20512 | H103: =IF(G104<>"",G104-G103,"") -> 281 | I103: 8642 | J103: =IF(I104<>"",I104-I103,"") -> 90 | K103: 856 | L103: =IF(K104<>"",K104-K103,"") -> 23 | M103: 1180 | N103: =IF(M104<>"",M104-M103,"") -> 12 | O103: 20070 | P103: =IF(O104<>"",O104-O103,"") -> 248 | Q103: 3827 | R103: =IF(Q104<>"",Q104-Q103,"") -> 35 | S103: 8395 | T103: =IF(S104<>"",S104-S103,"") -> 121 | U103: 6519 | V103: =IF(U104<>"",U104-U103,"") -> 71 | W103: 634 | X103: =IF(W104<>"",W104-W103,"") -> 21 | Y103: =SUM(F103,H103,J103,L103,N103) -> 495 | Z103: =SUM(R103,T103,V103,X103) -> 248 | AA103: =SUM(F103,H103,J103,L103,N103,R103,T103,V103,X103) -> 743 | AB103: =D103-Y103 -> -11 | AC103: =P103-Z103 -> 0 | AD103: =(D103+P103)-AA103 -> -11
A104: THU | B104: 45932 | C104: 42595 | D104: =IF(C105<>"",C105-C104,"") -> 502 | E104: 4945 | F104: =IF(E105<>"",E105-E104,"") -> 81 | G104: 20793 | H104: =IF(G105<>"",G105-G104,"") -> 297 | I104: 8732 | J104: =IF(I105<>"",I105-I104,"") -> 99 | K104: 879 | L104: =IF(K105<>"",K105-K104,"") -> 13 | M104: 1192 | N104: =IF(M105<>"",M105-M104,"") -> 12 | O104: 20318 | P104: =IF(O105<>"",O105-O104,"") -> 312 | Q104: 3862 | R104: =IF(Q105<>"",Q105-Q104,"") -> 84 | S104: 8516 | T104: =IF(S105<>"",S105-S104,"") -> 125 | U104: 6590 | V104: =IF(U105<>"",U105-U104,"") -> 80 | W104: 655 | X104: =IF(W105<>"",W105-W104,"") -> 12 | Y104: =SUM(F104,H104,J104,L104,N104) -> 502 | Z104: =SUM(R104,T104,V104,X104) -> 301 | AA104: =SUM(F104,H104,J104,L104,N104,R104,T104,V104,X104) -> 803 | AB104: =D104-Y104 -> 0 | AC104: =P104-Z104 -> 11 | AD104: =(D104+P104)-AA104 -> 11
A105: FRI | B105: 45933 | C105: 43097 | D105: =IF(C106<>"",C106-C105,"") -> 326 | E105: 5026 | F105: =IF(E106<>"",E106-E105,"") -> 86 | G105: 21090 | H105: =IF(G106<>"",G106-G105,"") -> 143 | I105: 8831 | J105: =IF(I106<>"",I106-I105,"") -> 74 | K105: 892 | L105: =IF(K106<>"",K106-K105,"") -> 14 | M105: 1204 | N105: =IF(M106<>"",M106-M105,"") -> 10 | O105: 20630 | P105: =IF(O106<>"",O106-O105,"") -> 284 | Q105: 3946 | R105: =IF(Q106<>"",Q106-Q105,"") -> 87 | S105: 8641 | T105: =IF(S106<>"",S106-S105,"") -> 102 | U105: 6670 | V105: =IF(U106<>"",U106-U105,"") -> 78 | W105: 667 | X105: =IF(W106<>"",W106-W105,"") -> 22 | Y105: =SUM(F105,H105,J105,L105,N105) -> 327 | Z105: =SUM(R105,T105,V105,X105) -> 289 | AA105: =SUM(F105,H105,J105,L105,N105,R105,T105,V105,X105) -> 616 | AB105: =D105-Y105 -> -1 | AC105: =P105-Z105 -> -5 | AD105: =(D105+P105)-AA105 -> -6
A106: SAT | B106: 45934 | C106: 43423 | D106: =IF(C107<>"",C107-C106,"") -> 276 | E106: 5112 | F106: =IF(E107<>"",E107-E106,"") -> 89 | G106: 21233 | H106: =IF(G107<>"",G107-G106,"") -> 109 | I106: 8905 | J106: =IF(I107<>"",I107-I106,"") -> 60 | K106: 906 | L106: =IF(K107<>"",K107-K106,"") -> 10 | M106: 1214 | N106: =IF(M107<>"",M107-M106,"") -> 12 | O106: 20914 | P106: =IF(O107<>"",O107-O106,"") -> 255 | Q106: 4033 | R106: =IF(Q107<>"",Q107-Q106,"") -> 81 | S106: 8743 | T106: =IF(S107<>"",S107-S106,"") -> 87 | U106: 6748 | V106: =IF(U107<>"",U107-U106,"") -> 67 | W106: 689 | X106: =IF(W107<>"",W107-W106,"") -> 25 | Y106: =SUM(F106,H106,J106,L106,N106) -> 280 | Z106: =SUM(R106,T106,V106,X106) -> 260 | AA106: =SUM(F106,H106,J106,L106,N106,R106,T106,V106,X106) -> 540 | AB106: =D106-Y106 -> -4 | AC106: =P106-Z106 -> -5 | AD106: =(D106+P106)-AA106 -> -9
A107: SUN | B107: 45935 | C107: 43699 | D107: =IF(C108<>"",C108-C107,"") -> 43 | E107: 5201 | F107: =IF(E108<>"",E108-E107,"") -> 3 | G107: 21342 | H107: =IF(G108<>"",G108-G107,"") -> 12 | I107: 8965 | J107: =IF(I108<>"",I108-I107,"") -> 21 | K107: 916 | L107: =IF(K108<>"",K108-K107,"") -> 2 | M107: 1226 | N107: =IF(M108<>"",M108-M107,"") -> 1 | O107: 21169 | P107: =IF(O108<>"",O108-O107,"") -> 48 | Q107: 4114 | R107: =IF(Q108<>"",Q108-Q107,"") -> 5 | S107: 8830 | T107: =IF(S108<>"",S108-S107,"") -> 23 | U107: 6815 | V107: =IF(U108<>"",U108-U107,"") -> 6 | W107: 714 | X107: =IF(W108<>"",W108-W107,"") -> 2 | Y107: =SUM(F107,H107,J107,L107,N107) -> 39 | Z107: =SUM(R107,T107,V107,X107) -> 36 | AA107: =SUM(F107,H107,J107,L107,N107,R107,T107,V107,X107) -> 75 | AB107: =D107-Y107 -> 4 | AC107: =P107-Z107 -> 12 | AD107: =(D107+P107)-AA107 -> 16
A108: MON | B108: 45936 | C108: 43742 | D108: =IF(C109<>"",C109-C108,"") -> 282 | E108: 5204 | F108: =IF(E109<>"",E109-E108,"") -> 96 | G108: 21354 | H108: =IF(G109<>"",G109-G108,"") -> 125 | I108: 8986 | J108: =IF(I109<>"",I109-I108,"") -> 36 | K108: 918 | L108: =IF(K109<>"",K109-K108,"") -> 15 | M108: 1227 | N108: =IF(M109<>"",M109-M108,"") -> 11 | O108: 21217 | P108: =IF(O109<>"",O109-O108,"") -> 212 | Q108: 4119 | R108: =IF(Q109<>"",Q109-Q108,"") -> 87 | S108: 8853 | T108: =IF(S109<>"",S109-S108,"") -> 40 | U108: 6821 | V108: =IF(U109<>"",U109-U108,"") -> 78 | W108: 716 | X108: =IF(W109<>"",W109-W108,"") -> 6 | Y108: =SUM(F108,H108,J108,L108,N108) -> 283 | Z108: =SUM(R108,T108,V108,X108) -> 211 | AA108: =SUM(F108,H108,J108,L108,N108,R108,T108,V108,X108) -> 494 | AB108: =D108-Y108 -> -1 | AC108: =P108-Z108 -> 1 | AD108: =(D108+P108)-AA108 -> 0
A109: TUE | B109: 45937 | C109: 44024 | D109: =IF(C110<>"",C110-C109,"") -> 383 | E109: 5300 | F109: =IF(E110<>"",E110-E109,"") -> 95 | G109: 21479 | H109: =IF(G110<>"",G110-G109,"") -> 245 | I109: 9022 | J109: =IF(I110<>"",I110-I109,"") -> 15 | K109: 933 | L109: =IF(K110<>"",K110-K109,"") -> 16 | M109: 1238 | N109: =IF(M110<>"",M110-M109,"") -> 12 | O109: 21429 | P109: =IF(O110<>"",O110-O109,"") -> 227 | Q109: 4206 | R109: =IF(Q110<>"",Q110-Q109,"") -> 98 | S109: 8893 | T109: =IF(S110<>"",S110-S109,"") -> 36 | U109: 6899 | V109: =IF(U110<>"",U110-U109,"") -> 85 | W109: 722 | X109: =IF(W110<>"",W110-W109,"") -> 7 | Y109: =SUM(F109,H109,J109,L109,N109) -> 383 | Z109: =SUM(R109,T109,V109,X109) -> 226 | AA109: =SUM(F109,H109,J109,L109,N109,R109,T109,V109,X109) -> 609 | AB109: =D109-Y109 -> 0 | AC109: =P109-Z109 -> 1 | AD109: =(D109+P109)-AA109 -> 1
A110: WED | B110: 45938 | C110: 44407 | D110: =IF(C111<>"",C111-C110,"") -> 431 | E110: 5395 | F110: =IF(E111<>"",E111-E110,"") -> 98 | G110: 21724 | H110: =IF(G111<>"",G111-G110,"") -> 279 | I110: 9037 | J110: =IF(I111<>"",I111-I110,"") -> 29 | K110: 949 | L110: =IF(K111<>"",K111-K110,"") -> 13 | M110: 1250 | N110: =IF(M111<>"",M111-M110,"") -> 12 | O110: 21656 | P110: =IF(O111<>"",O111-O110,"") -> 232 | Q110: 4304 | R110: =IF(Q111<>"",Q111-Q110,"") -> 104 | S110: 8929 | T110: =IF(S111<>"",S111-S110,"") -> 35 | U110: 6984 | V110: =IF(U111<>"",U111-U110,"") -> 83 | W110: 729 | X110: =IF(W111<>"",W111-W110,"") -> 8 | Y110: =SUM(F110,H110,J110,L110,N110) -> 431 | Z110: =SUM(R110,T110,V110,X110) -> 230 | AA110: =SUM(F110,H110,J110,L110,N110,R110,T110,V110,X110) -> 661 | AB110: =D110-Y110 -> 0 | AC110: =P110-Z110 -> 2 | AD110: =(D110+P110)-AA110 -> 2
A111: THU | B111: 45939 | C111: 44838 | D111: =IF(C112<>"",C112-C111,"") -> 432 | E111: 5493 | F111: =IF(E112<>"",E112-E111,"") -> 96 | G111: 22003 | H111: =IF(G112<>"",G112-G111,"") -> 270 | I111: 9066 | J111: =IF(I112<>"",I112-I111,"") -> 41 | K111: 962 | L111: =IF(K112<>"",K112-K111,"") -> 14 | M111: 1262 | N111: =IF(M112<>"",M112-M111,"") -> 14 | O111: 21888 | P111: =IF(O112<>"",O112-O111,"") -> 236 | Q111: 4408 | R111: =IF(Q112<>"",Q112-Q111,"") -> 106 | S111: 8964 | T111: =IF(S112<>"",S112-S111,"") -> 40 | U111: 7067 | V111: =IF(U112<>"",U112-U111,"") -> 81 | W111: 737 | X111: =IF(W112<>"",W112-W111,"") -> 8 | Y111: =SUM(F111,H111,J111,L111,N111) -> 435 | Z111: =SUM(R111,T111,V111,X111) -> 235 | AA111: =SUM(F111,H111,J111,L111,N111,R111,T111,V111,X111) -> 670 | AB111: =D111-Y111 -> -3 | AC111: =P111-Z111 -> 1 | AD111: =(D111+P111)-AA111 -> -2
A112: FRI | B112: 45940 | C112: 45270 | D112: =IF(C113<>"",C113-C112,"") -> 280 | E112: 5589 | F112: =IF(E113<>"",E113-E112,"") -> 89 | G112: 22273 | H112: =IF(G113<>"",G113-G112,"") -> 132 | I112: 9107 | J112: =IF(I113<>"",I113-I112,"") -> 35 | K112: 976 | L112: =IF(K113<>"",K113-K112,"") -> 13 | M112: 1276 | N112: =IF(M113<>"",M113-M112,"") -> 10 | O112: 22124 | P112: =IF(O113<>"",O113-O112,"") -> 202 | Q112: 4514 | R112: =IF(Q113<>"",Q113-Q112,"") -> 75 | S112: 9004 | T112: =IF(S113<>"",S113-S112,"") -> 43 | U112: 7148 | V112: =IF(U113<>"",U113-U112,"") -> 74 | W112: 745 | X112: =IF(W113<>"",W113-W112,"") -> 7 | Y112: =SUM(F112,H112,J112,L112,N112) -> 279 | Z112: =SUM(R112,T112,V112,X112) -> 199 | AA112: =SUM(F112,H112,J112,L112,N112,R112,T112,V112,X112) -> 478 | AB112: =D112-Y112 -> 1 | AC112: =P112-Z112 -> 3 | AD112: =(D112+P112)-AA112 -> 4
